report_id,date,state,lga,community,category,description,severity_1to5,urgency_1to5,num_affected_est,evidence_type,evidence_confidence,verification_status,ai_confidence,risk_score,response_status,resolution_date,reporter_anonymous,is_demo_data
LMP-00001,2026-06-04,Kano,Nassarawa,Nassarawa Community 5,Healthcare Access,The primary health centre has no drugs in stock and the only nurse resigned 4 months ago.,3,5,40,text_only,0.5,Unverified,0.63,3.1,No Action Yet,,True,True
LMP-00002,2026-03-28,Anambra,Awka South,Awka South Community 9,Community Dispute,There is an ongoing land boundary dispute between two families that has led to tension in the market.,1,1,80,text_only,0.5,Unverified,0.74,0.2,Resolved,2026-04-08,True,True
LMP-00003,2026-04-03,Plateau,Jos North,Jos North Community 6,Safety/Security Concern,"Unknown persons have been seen surveying the area at night, residents are afraid.",4,1,1200,photo,0.9,Corroborated,0.73,3.2,In Progress,,True,True
LMP-00004,2026-06-24,Kano,Nassarawa,Nassarawa Community 4,Education/Infrastructure,"Public school roof collapsed during the storm, 5 pupils now learn under a tree.",2,4,600,photo,0.9,Corroborated,0.75,4.6,In Progress,,True,True
LMP-00005,2026-01-09,Cross River,Calabar Municipal,Calabar Municipal Community 9,Healthcare Access,The primary health centre has no drugs in stock and the only nurse resigned 9 months ago.,4,5,150,text_only,0.5,Corroborated,0.92,4.6,No Action Yet,,True,True
LMP-00006,2026-05-30,Plateau,Jos South,Jos South Community 2,Healthcare Access,"Community clinic promised in November has still not been built, pregnant women travel far for care.",4,4,80,photo,0.9,Needs Corroboration,0.71,6.2,No Action Yet,,False,True
LMP-00007,2026-04-09,Cross River,Calabar South,Calabar South Community 6,Healthcare Access,The primary health centre has no drugs in stock and the only nurse resigned 10 months ago.,3,1,40,photo,0.9,Corroborated,0.68,1.1,Referred to Authority,,False,True
LMP-00008,2026-01-01,Cross River,Calabar South,Calabar South Community 9,Education/Infrastructure,"Public school roof collapsed during the storm, 12 pupils now learn under a tree.",1,5,300,text_only,0.5,Unverified,0.74,1.3,No Action Yet,,True,True
LMP-00009,2026-01-01,Anambra,Awka South,Awka South Community 9,Electricity/Power,"Transformer in our street has been faulty for 12 months, several complaints filed with no response.",3,2,600,text_only,0.5,Corroborated,0.81,1.9,Referred to Authority,,True,True
LMP-00010,2026-07-16,Borno,Maiduguri,Maiduguri Community 2,Safety/Security Concern,"Unknown persons have been seen surveying the area at night, residents are afraid.",4,5,40,photo,0.9,Unverified,0.79,7.5,In Progress,,True,True
LMP-00011,2026-04-13,Rivers,Ikwerre,Ikwerre Community 8,Suspected Misuse of Public Funds,"A borehole project budgeted at a stated amount was completed but does not function, community wants transparency.",3,4,150,none,0.3,Corroborated,0.89,1.7,In Progress,,True,True
LMP-00012,2026-01-18,Borno,Jere,Jere Community 2,Healthcare Access,The primary health centre has no drugs in stock and the only nurse resigned 3 months ago.,3,5,150,text_only,0.5,Corroborated,0.62,3.5,No Action Yet,,True,True
LMP-00013,2026-06-18,Oyo,Ibadan North,Ibadan North Community 9,Healthcare Access,"Community clinic promised in July has still not been built, pregnant women travel far for care.",4,2,3000,photo,0.9,Needs Corroboration,0.79,11.5,No Action Yet,,False,True
LMP-00014,2026-02-18,Oyo,Ibadan South-West,Ibadan South-West Community 7,Environmental Hazard,"Waste has not been evacuated from this dumpsite in 12 weeks, causing serious odour and flooding risk.",4,1,15,voice_note,0.7,Conflicting Reports,0.74,1.1,No Action Yet,,False,True
LMP-00015,2026-08-26,Rivers,Obio-Akpor,Obio-Akpor Community 3,Education/Infrastructure,No teachers have been posted to our primary school since the last academic session.,2,5,40,photo,0.9,Conflicting Reports,0.98,3.7,Resolved,2026-10-18,True,True
LMP-00016,2026-09-03,Rivers,Obio-Akpor,Obio-Akpor Community 8,Environmental Hazard,"Waste has not been evacuated from this dumpsite in 8 weeks, causing serious odour and flooding risk.",2,1,1200,photo,0.9,Needs Corroboration,0.9,1.6,Under Review,,False,True
LMP-00017,2026-01-15,Rivers,Port Harcourt,Port Harcourt Community 5,Healthcare Access,The primary health centre has no drugs in stock and the only nurse resigned 11 months ago.,4,3,15,photo,0.9,High-Confidence,0.79,4.4,Referred to Authority,,True,True
LMP-00018,2026-08-28,Rivers,Port Harcourt,Port Harcourt Community 2,Healthcare Access,"Community clinic promised in September has still not been built, pregnant women travel far for care.",4,5,15,text_only,0.5,Needs Corroboration,0.77,4.1,Referred to Authority,,True,True
LMP-00019,2026-05-25,Enugu,Nsukka,Nsukka Community 6,Healthcare Access,"Community clinic promised in March has still not been built, pregnant women travel far for care.",5,3,3000,voice_note,0.7,Unverified,0.89,16.8,Under Review,,True,True
LMP-00020,2026-07-26,Kano,Fagge,Fagge Community 9,Education/Infrastructure,"Public school roof collapsed during the storm, 7 pupils now learn under a tree.",3,3,300,photo,0.9,Corroborated,0.92,4.2,Referred to Authority,,True,True
LMP-00021,2026-08-07,Anambra,Onitsha North,Onitsha North Community 2,Road/Transport Infrastructure,"Bridge construction stopped 3 months ago, commuters now risk crossing on foot.",4,2,300,voice_note,0.7,Needs Corroboration,0.7,2.9,Referred to Authority,,True,True
LMP-00022,2026-04-24,Anambra,Onitsha North,Onitsha North Community 5,Water Infrastructure,My community has not had water for 12 weeks and the borehole project announced last year has not been completed.,4,1,15,voice_note,0.7,High-Confidence,0.67,1.1,No Action Yet,,False,True
LMP-00023,2026-09-06,Anambra,Awka South,Awka South Community 2,Electricity/Power,We have had no electricity supply for 10 days despite paying our estimated bills.,4,5,80,voice_note,0.7,Needs Corroboration,0.64,6.0,Resolved,2026-11-05,True,True
LMP-00024,2026-01-07,Oyo,Ibadan North,Ibadan North Community 4,Electricity/Power,"Transformer in our street has been faulty for 10 months, several complaints filed with no response.",4,2,150,video,0.95,Conflicting Reports,0.97,3.5,In Progress,,True,True
LMP-00025,2026-08-12,Oyo,Ibadan South-West,Ibadan South-West Community 4,Education/Infrastructure,"Public school roof collapsed during the storm, 3 pupils now learn under a tree.",3,4,150,photo,0.9,Needs Corroboration,0.95,5.0,In Progress,,True,True
LMP-00026,2026-08-29,Enugu,Enugu East,Enugu East Community 4,Community Dispute,Youths from two neighbouring communities clashed over grazing route access.,3,3,600,text_only,0.5,High-Confidence,0.76,2.9,Referred to Authority,,True,True
LMP-00027,2026-02-18,Kano,Dala,Dala Community 3,Abuse/Protection Concern,Reports of a minor being kept out of school for exploitative labour in the local market.,4,3,600,voice_note,0.7,Unverified,0.97,5.4,In Progress,,True,True
LMP-00028,2026-06-20,Lagos,Epe,Epe Community 1,Suspected Misuse of Public Funds,"A borehole project budgeted at a stated amount was completed but does not function, community wants transparency.",1,3,600,text_only,0.5,High-Confidence,0.66,1.0,Referred to Authority,,False,True
LMP-00029,2026-03-15,Oyo,Ibadan South-West,Ibadan South-West Community 5,Suspected Misuse of Public Funds,"A borehole project budgeted at a stated amount was completed but does not function, community wants transparency.",2,4,80,text_only,0.5,Needs Corroboration,0.73,1.7,No Action Yet,,True,True
LMP-00030,2026-01-24,Plateau,Barkin Ladi,Barkin Ladi Community 6,Environmental Hazard,Gas flaring near our farmland is affecting crop yield and causing respiratory complaints.,2,4,80,text_only,0.5,Corroborated,0.72,1.7,Referred to Authority,,True,True
LMP-00031,2026-04-09,Kaduna,Kaduna North,Kaduna North Community 4,Road/Transport Infrastructure,"The road linking our community to the main highway has been impassable since the rains started, 2 accidents reported.",4,5,40,text_only,0.5,Needs Corroboration,0.94,4.2,In Progress,,False,True
LMP-00032,2026-07-25,Plateau,Jos North,Jos North Community 3,Water Infrastructure,My community has not had water for 8 weeks and the borehole project announced last year has not been completed.,2,5,3000,photo,0.9,Conflicting Reports,0.71,14.4,Under Review,,False,True
LMP-00033,2026-05-14,Anambra,Nnewi North,Nnewi North Community 6,Environmental Hazard,Gas flaring near our farmland is affecting crop yield and causing respiratory complaints.,4,4,3000,photo,0.9,Corroborated,0.71,23.0,In Progress,,False,True
LMP-00034,2026-01-17,Enugu,Enugu North,Enugu North Community 8,Electricity/Power,"Transformer in our street has been faulty for 5 months, several complaints filed with no response.",3,5,40,photo,0.9,Corroborated,0.7,5.6,In Progress,,False,True
LMP-00035,2026-04-01,Plateau,Jos South,Jos South Community 9,Environmental Hazard,Gas flaring near our farmland is affecting crop yield and causing respiratory complaints.,4,4,15,video,0.95,Needs Corroboration,0.9,6.2,No Action Yet,,True,True
LMP-00036,2026-08-04,Plateau,Jos South,Jos South Community 9,Suspected Misuse of Public Funds,"A borehole project budgeted at a stated amount was completed but does not function, community wants transparency.",1,4,15,voice_note,0.7,Corroborated,0.86,1.1,In Progress,,False,True
LMP-00037,2026-02-24,Rivers,Ikwerre,Ikwerre Community 9,Water Infrastructure,"The public water tap in our area has been dry since September, residents now trek 11km to fetch water.",3,1,1200,photo,0.9,Unverified,0.79,2.4,Under Review,,False,True
LMP-00038,2026-06-16,Oyo,Ibadan South-West,Ibadan South-West Community 7,Education/Infrastructure,No teachers have been posted to our primary school since the last academic session.,2,5,15,none,0.3,Corroborated,0.75,1.2,In Progress,,True,True
LMP-00039,2026-09-04,Lagos,Alimosho,Alimosho Community 4,Water Infrastructure,"Contractors abandoned the water scheme project midway, pipes are left exposed on the road.",2,1,150,text_only,0.5,Needs Corroboration,0.71,0.5,Referred to Authority,,True,True
LMP-00040,2026-03-04,Rivers,Obio-Akpor,Obio-Akpor Community 2,Abuse/Protection Concern,A vulnerable community member is reportedly being denied access to support services by a local intermediary.,5,4,1200,none,0.3,Needs Corroboration,0.69,5.3,In Progress,,True,True
LMP-00041,2026-01-28,Kaduna,Zaria,Zaria Community 2,Abuse/Protection Concern,A vulnerable community member is reportedly being denied access to support services by a local intermediary.,4,3,40,text_only,0.5,Conflicting Reports,0.74,2.5,In Progress,,False,True
LMP-00042,2026-03-04,Oyo,Egbeda,Egbeda Community 8,Road/Transport Infrastructure,"Bridge construction stopped 4 months ago, commuters now risk crossing on foot.",3,3,3000,text_only,0.5,Needs Corroboration,0.92,7.2,Under Review,,True,True
LMP-00043,2026-06-02,Kaduna,Kaduna South,Kaduna South Community 4,Environmental Hazard,Gas flaring near our farmland is affecting crop yield and causing respiratory complaints.,3,3,80,text_only,0.5,Unverified,0.75,1.9,No Action Yet,,True,True
LMP-00044,2026-01-24,Anambra,Awka South,Awka South Community 9,Healthcare Access,The primary health centre has no drugs in stock and the only nurse resigned 5 months ago.,4,5,150,text_only,0.5,Needs Corroboration,0.85,4.6,In Progress,,True,True
LMP-00045,2026-07-04,Enugu,Enugu North,Enugu North Community 4,Education/Infrastructure,No teachers have been posted to our primary school since the last academic session.,2,4,600,voice_note,0.7,Needs Corroboration,0.78,3.6,No Action Yet,,True,True
LMP-00046,2026-03-19,Oyo,Ibadan North,Ibadan North Community 9,Road/Transport Infrastructure,"The road linking our community to the main highway has been impassable since the rains started, 5 accidents reported.",3,5,300,none,0.3,Unverified,0.92,2.3,Under Review,,True,True
LMP-00047,2026-03-29,Anambra,Awka South,Awka South Community 5,Water Infrastructure,My community has not had water for 10 weeks and the borehole project announced last year has not been completed.,3,2,3000,photo,0.9,Unverified,0.62,8.6,Under Review,,True,True
LMP-00048,2026-01-31,Lagos,Ajeromi-Ifelodun,Ajeromi-Ifelodun Community 8,Electricity/Power,We have had no electricity supply for 8 days despite paying our estimated bills.,2,1,80,photo,0.9,Needs Corroboration,0.82,0.8,Resolved,2026-03-12,False,True
LMP-00049,2026-07-15,Cross River,Calabar Municipal,Calabar Municipal Community 9,Community Dispute,Youths from two neighbouring communities clashed over grazing route access.,3,4,300,text_only,0.5,High-Confidence,0.64,3.1,No Action Yet,,True,True
LMP-00050,2026-06-30,Enugu,Enugu North,Enugu North Community 2,Road/Transport Infrastructure,"The road linking our community to the main highway has been impassable since the rains started, 4 accidents reported.",2,1,1200,voice_note,0.7,Unverified,0.83,1.2,No Action Yet,,True,True
LMP-00051,2026-07-11,Borno,Maiduguri,Maiduguri Community 4,Education/Infrastructure,"Public school roof collapsed during the storm, 8 pupils now learn under a tree.",2,2,300,video,0.95,Unverified,0.65,2.0,Under Review,,True,True
LMP-00052,2026-01-07,Borno,Maiduguri,Maiduguri Community 8,Education/Infrastructure,No teachers have been posted to our primary school since the last academic session.,2,4,40,text_only,0.5,Corroborated,0.94,1.7,Referred to Authority,,True,True
LMP-00053,2026-01-24,Enugu,Nsukka,Nsukka Community 1,Education/Infrastructure,"Public school roof collapsed during the storm, 4 pupils now learn under a tree.",2,4,300,photo,0.9,Corroborated,0.83,3.7,Under Review,,False,True
LMP-00054,2026-01-23,Oyo,Ibadan South-West,Ibadan South-West Community 6,Safety/Security Concern,"There have been 4 reported cases of armed robbery on this road at night, no police patrol has been seen.",4,4,300,text_only,0.5,Corroborated,0.76,4.2,No Action Yet,,True,True
LMP-00055,2026-01-14,Kaduna,Kaduna South,Kaduna South Community 2,Community Dispute,There is an ongoing land boundary dispute between two families that has led to tension in the market.,2,1,150,text_only,0.5,Needs Corroboration,0.84,0.5,Under Review,,True,True
LMP-00056,2026-02-27,Kaduna,Zaria,Zaria Community 3,Education/Infrastructure,No teachers have been posted to our primary school since the last academic session.,1,5,150,text_only,0.5,Unverified,0.73,1.1,Under Review,,True,True
LMP-00057,2026-05-11,Borno,Maiduguri,Maiduguri Community 3,Environmental Hazard,Gas flaring near our farmland is affecting crop yield and causing respiratory complaints.,2,4,3000,photo,0.9,Needs Corroboration,0.82,11.5,Resolved,2026-07-02,True,True
LMP-00058,2026-07-15,Kano,Dala,Dala Community 7,Safety/Security Concern,"Unknown persons have been seen surveying the area at night, residents are afraid.",5,5,3000,video,0.95,Needs Corroboration,0.78,38.0,Under Review,,False,True
LMP-00059,2026-05-07,Borno,Jere,Jere Community 4,Healthcare Access,"Community clinic promised in July has still not been built, pregnant women travel far for care.",3,4,1200,voice_note,0.7,Conflicting Reports,0.86,7.4,Resolved,2026-05-14,True,True
LMP-00060,2026-09-06,Anambra,Nnewi North,Nnewi North Community 6,Electricity/Power,"Transformer in our street has been faulty for 3 months, several complaints filed with no response.",4,1,80,voice_note,0.7,Unverified,0.86,1.2,Under Review,,True,True
LMP-00061,2026-08-24,Oyo,Egbeda,Egbeda Community 7,Electricity/Power,"Transformer in our street has been faulty for 12 months, several complaints filed with no response.",3,3,3000,video,0.95,Unverified,0.63,13.7,Referred to Authority,,True,True
LMP-00062,2026-03-17,Enugu,Nsukka,Nsukka Community 2,Community Dispute,There is an ongoing land boundary dispute between two families that has led to tension in the market.,3,4,80,text_only,0.5,Unverified,0.95,2.6,In Progress,,True,True
LMP-00063,2026-08-22,Oyo,Ibadan South-West,Ibadan South-West Community 3,Healthcare Access,"Community clinic promised in November has still not been built, pregnant women travel far for care.",5,2,80,photo,0.9,Corroborated,0.93,3.9,No Action Yet,,True,True
LMP-00064,2026-05-31,Enugu,Enugu North,Enugu North Community 5,Environmental Hazard,Gas flaring near our farmland is affecting crop yield and causing respiratory complaints.,4,4,300,text_only,0.5,Needs Corroboration,0.68,4.2,Under Review,,True,True
LMP-00065,2026-01-06,Plateau,Barkin Ladi,Barkin Ladi Community 5,Environmental Hazard,Gas flaring near our farmland is affecting crop yield and causing respiratory complaints.,4,1,150,voice_note,0.7,Unverified,0.75,1.3,Referred to Authority,,False,True
LMP-00066,2026-06-18,Kaduna,Kaduna North,Kaduna North Community 1,Abuse/Protection Concern,Reports of a minor being kept out of school for exploitative labour in the local market.,5,3,150,text_only,0.5,Corroborated,0.84,3.5,In Progress,,True,True
LMP-00067,2026-08-13,Kano,Nassarawa,Nassarawa Community 5,Environmental Hazard,"Waste has not been evacuated from this dumpsite in 11 weeks, causing serious odour and flooding risk.",4,1,300,voice_note,0.7,Unverified,0.77,1.5,In Progress,,True,True
LMP-00068,2026-06-23,Anambra,Nnewi North,Nnewi North Community 5,Road/Transport Infrastructure,"Bridge construction stopped 9 months ago, commuters now risk crossing on foot.",4,3,40,text_only,0.5,Corroborated,0.65,2.5,No Action Yet,,False,True
LMP-00069,2026-03-01,Anambra,Onitsha North,Onitsha North Community 2,Community Dispute,There is an ongoing land boundary dispute between two families that has led to tension in the market.,1,3,300,text_only,0.5,High-Confidence,0.92,0.8,No Action Yet,,False,True
LMP-00070,2026-05-07,Lagos,Eti-Osa,Eti-Osa Community 9,Safety/Security Concern,"There have been 12 reported cases of armed robbery on this road at night, no police patrol has been seen.",5,4,300,text_only,0.5,Unverified,0.66,5.2,No Action Yet,,True,True
LMP-00071,2026-08-02,Kano,Fagge,Fagge Community 9,Road/Transport Infrastructure,"Bridge construction stopped 9 months ago, commuters now risk crossing on foot.",3,5,1200,text_only,0.5,Conflicting Reports,0.88,6.6,Referred to Authority,,False,True
LMP-00072,2026-04-02,Cross River,Calabar South,Calabar South Community 5,Water Infrastructure,"Contractors abandoned the water scheme project midway, pipes are left exposed on the road.",3,2,600,photo,0.9,Needs Corroboration,0.87,3.5,Resolved,2026-04-10,False,True
LMP-00073,2026-02-22,Kaduna,Kaduna North,Kaduna North Community 2,Environmental Hazard,"Waste has not been evacuated from this dumpsite in 12 weeks, causing serious odour and flooding risk.",3,5,15,photo,0.9,High-Confidence,0.74,5.5,In Progress,,True,True
LMP-00074,2026-02-03,Anambra,Awka South,Awka South Community 4,Healthcare Access,"Community clinic promised in September has still not been built, pregnant women travel far for care.",3,2,80,text_only,0.5,Unverified,0.91,1.3,In Progress,,True,True
LMP-00075,2026-01-28,Oyo,Ibadan North,Ibadan North Community 6,Water Infrastructure,My community has not had water for 6 weeks and the borehole project announced last year has not been completed.,2,4,40,text_only,0.5,Corroborated,0.79,1.7,Referred to Authority,,False,True
LMP-00076,2026-04-24,Anambra,Awka South,Awka South Community 1,Suspected Misuse of Public Funds,Road rehabilitation project was marked complete in official records but no visible work was done.,3,1,3000,video,0.95,Unverified,0.77,4.6,In Progress,,True,True
LMP-00077,2026-04-21,Kano,Dala,Dala Community 3,Electricity/Power,We have had no electricity supply for 6 days despite paying our estimated bills.,3,5,600,voice_note,0.7,Unverified,0.84,6.7,Referred to Authority,,True,True
LMP-00078,2026-09-02,Kano,Fagge,Fagge Community 7,Environmental Hazard,"Waste has not been evacuated from this dumpsite in 8 weeks, causing serious odour and flooding risk.",4,4,1200,text_only,0.5,Needs Corroboration,0.73,7.0,No Action Yet,,True,True
LMP-00079,2026-02-01,Borno,Maiduguri,Maiduguri Community 2,Electricity/Power,We have had no electricity supply for 8 days despite paying our estimated bills.,4,3,80,text_only,0.5,Needs Corroboration,0.83,2.6,Under Review,,False,True
LMP-00080,2026-05-23,Oyo,Egbeda,Egbeda Community 7,Water Infrastructure,"The public water tap in our area has been dry since May, residents now trek 11km to fetch water.",3,5,150,photo,0.9,Conflicting Reports,0.79,6.2,Under Review,,True,True
LMP-00081,2026-01-02,Kano,Dala,Dala Community 4,Community Dispute,There is an ongoing land boundary dispute between two families that has led to tension in the market.,3,3,15,photo,0.9,Needs Corroboration,0.87,3.3,Under Review,,True,True
LMP-00082,2026-03-25,Rivers,Ikwerre,Ikwerre Community 7,Electricity/Power,We have had no electricity supply for 12 days despite paying our estimated bills.,2,5,150,voice_note,0.7,Unverified,0.78,3.2,Under Review,,True,True
LMP-00083,2026-03-30,Lagos,Alimosho,Alimosho Community 3,Abuse/Protection Concern,A vulnerable community member is reportedly being denied access to support services by a local intermediary.,4,4,3000,text_only,0.5,Unverified,0.77,12.8,Referred to Authority,,False,True
LMP-00084,2026-03-07,Kano,Dala,Dala Community 8,Suspected Misuse of Public Funds,Road rehabilitation project was marked complete in official records but no visible work was done.,2,5,15,photo,0.9,Unverified,0.73,3.7,No Action Yet,,True,True
LMP-00085,2026-08-24,Oyo,Ibadan North,Ibadan North Community 1,Environmental Hazard,Gas flaring near our farmland is affecting crop yield and causing respiratory complaints.,3,2,600,photo,0.9,Unverified,0.93,3.5,No Action Yet,,True,True
LMP-00086,2026-06-26,Oyo,Egbeda,Egbeda Community 7,Abuse/Protection Concern,Reports of a minor being kept out of school for exploitative labour in the local market.,4,4,15,none,0.3,High-Confidence,0.68,1.9,Under Review,,True,True
LMP-00087,2026-06-12,Kano,Gwale,Gwale Community 2,Healthcare Access,"Community clinic promised in July has still not been built, pregnant women travel far for care.",4,4,300,text_only,0.5,Corroborated,0.7,4.2,No Action Yet,,True,True
LMP-00088,2026-02-15,Anambra,Nnewi North,Nnewi North Community 4,Safety/Security Concern,"Unknown persons have been seen surveying the area at night, residents are afraid.",4,2,300,photo,0.9,Corroborated,0.84,3.7,Referred to Authority,,False,True
LMP-00089,2026-01-10,Borno,Jere,Jere Community 6,Safety/Security Concern,"There have been 9 reported cases of armed robbery on this road at night, no police patrol has been seen.",4,3,300,text_only,0.5,Unverified,0.75,3.1,Under Review,,True,True
LMP-00090,2026-05-09,Oyo,Ibadan South-West,Ibadan South-West Community 2,Electricity/Power,"Transformer in our street has been faulty for 9 months, several complaints filed with no response.",3,1,3000,video,0.95,Unverified,0.83,4.6,Referred to Authority,,True,True
LMP-00091,2026-08-23,Lagos,Epe,Epe Community 2,Safety/Security Concern,"There have been 10 reported cases of armed robbery on this road at night, no police patrol has been seen.",3,2,3000,none,0.3,Corroborated,0.81,2.9,Under Review,,True,True
LMP-00092,2026-09-04,Plateau,Jos South,Jos South Community 6,Abuse/Protection Concern,A vulnerable community member is reportedly being denied access to support services by a local intermediary.,4,3,40,text_only,0.5,Unverified,0.76,2.5,In Progress,,True,True
LMP-00093,2026-06-21,Oyo,Ibadan North,Ibadan North Community 3,Safety/Security Concern,"Unknown persons have been seen surveying the area at night, residents are afraid.",5,2,40,voice_note,0.7,Corroborated,0.76,2.9,In Progress,,True,True
LMP-00094,2026-07-21,Plateau,Barkin Ladi,Barkin Ladi Community 6,Water Infrastructure,"The public water tap in our area has been dry since March, residents now trek 6km to fetch water.",4,3,3000,photo,0.9,Unverified,0.98,17.3,No Action Yet,,True,True
LMP-00095,2026-02-12,Anambra,Nnewi North,Nnewi North Community 9,Water Infrastructure,"Contractors abandoned the water scheme project midway, pipes are left exposed on the road.",2,4,80,photo,0.9,Corroborated,0.92,3.1,In Progress,,False,True
LMP-00096,2026-08-02,Lagos,Epe,Epe Community 6,Healthcare Access,"Community clinic promised in May has still not been built, pregnant women travel far for care.",5,4,150,text_only,0.5,Conflicting Reports,0.73,4.6,Under Review,,True,True
LMP-00097,2026-08-12,Oyo,Egbeda,Egbeda Community 8,Environmental Hazard,Gas flaring near our farmland is affecting crop yield and causing respiratory complaints.,3,2,150,text_only,0.5,Unverified,0.67,1.4,Referred to Authority,,True,True
LMP-00098,2026-08-15,Anambra,Awka South,Awka South Community 9,Electricity/Power,"Transformer in our street has been faulty for 3 months, several complaints filed with no response.",2,5,80,video,0.95,High-Confidence,0.65,4.1,In Progress,,True,True
LMP-00099,2026-07-22,Lagos,Epe,Epe Community 1,Community Dispute,Youths from two neighbouring communities clashed over grazing route access.,3,3,150,photo,0.9,Conflicting Reports,0.96,3.7,Referred to Authority,,True,True
LMP-00100,2026-05-16,Rivers,Port Harcourt,Port Harcourt Community 5,Environmental Hazard,"Waste has not been evacuated from this dumpsite in 9 weeks, causing serious odour and flooding risk.",3,1,15,photo,0.9,Needs Corroboration,0.92,1.1,In Progress,,False,True
LMP-00101,2026-06-11,Kano,Dala,Dala Community 4,Education/Infrastructure,"Public school roof collapsed during the storm, 2 pupils now learn under a tree.",2,5,3000,photo,0.9,Needs Corroboration,0.92,14.4,Referred to Authority,,True,True
LMP-00102,2026-07-21,Rivers,Obio-Akpor,Obio-Akpor Community 7,Water Infrastructure,"Contractors abandoned the water scheme project midway, pipes are left exposed on the road.",3,2,40,text_only,0.5,High-Confidence,0.75,1.2,Referred to Authority,,True,True
LMP-00103,2026-07-13,Plateau,Jos South,Jos South Community 1,Community Dispute,Youths from two neighbouring communities clashed over grazing route access.,1,1,600,photo,0.9,Unverified,0.86,0.6,Referred to Authority,,True,True
LMP-00104,2026-04-28,Rivers,Port Harcourt,Port Harcourt Community 6,Suspected Misuse of Public Funds,Road rehabilitation project was marked complete in official records but no visible work was done.,3,4,3000,text_only,0.5,Unverified,0.91,9.6,In Progress,,True,True
LMP-00105,2026-07-19,Kaduna,Kaduna North,Kaduna North Community 1,Healthcare Access,The primary health centre has no drugs in stock and the only nurse resigned 7 months ago.,4,5,3000,photo,0.9,Unverified,0.89,28.8,Under Review,,True,True
LMP-00106,2026-05-13,Oyo,Ibadan South-West,Ibadan South-West Community 2,Safety/Security Concern,"Unknown persons have been seen surveying the area at night, residents are afraid.",4,4,600,none,0.3,Needs Corroboration,0.8,3.1,Resolved,2026-06-04,True,True
LMP-00107,2026-06-26,Plateau,Jos North,Jos North Community 7,Abuse/Protection Concern,A vulnerable community member is reportedly being denied access to support services by a local intermediary.,4,1,600,text_only,0.5,Corroborated,0.73,1.3,Under Review,,False,True
LMP-00108,2026-02-10,Oyo,Ibadan South-West,Ibadan South-West Community 1,Safety/Security Concern,"Unknown persons have been seen surveying the area at night, residents are afraid.",5,1,40,text_only,0.5,Needs Corroboration,0.77,1.0,In Progress,,True,True
LMP-00109,2026-08-31,Rivers,Ikwerre,Ikwerre Community 8,Water Infrastructure,My community has not had water for 3 weeks and the borehole project announced last year has not been completed.,4,3,600,voice_note,0.7,Corroborated,0.82,5.4,Referred to Authority,,True,True
LMP-00110,2026-08-22,Oyo,Ibadan South-West,Ibadan South-West Community 2,Abuse/Protection Concern,A vulnerable community member is reportedly being denied access to support services by a local intermediary.,4,3,150,none,0.3,Unverified,0.63,1.7,Referred to Authority,,True,True
LMP-00111,2026-09-05,Kaduna,Kaduna South,Kaduna South Community 8,Healthcare Access,"Community clinic promised in March has still not been built, pregnant women travel far for care.",3,1,3000,photo,0.9,High-Confidence,0.88,4.3,In Progress,,True,True
LMP-00112,2026-07-22,Oyo,Egbeda,Egbeda Community 2,Suspected Misuse of Public Funds,Road rehabilitation project was marked complete in official records but no visible work was done.,3,2,600,text_only,0.5,Unverified,0.66,1.9,No Action Yet,,False,True
LMP-00113,2026-07-16,Lagos,Ajeromi-Ifelodun,Ajeromi-Ifelodun Community 9,Abuse/Protection Concern,Reports of a minor being kept out of school for exploitative labour in the local market.,3,1,40,voice_note,0.7,Corroborated,0.98,0.9,Referred to Authority,,False,True
LMP-00114,2026-09-05,Cross River,Calabar Municipal,Calabar Municipal Community 3,Safety/Security Concern,"There have been 9 reported cases of armed robbery on this road at night, no police patrol has been seen.",5,3,80,video,0.95,Corroborated,0.9,6.2,No Action Yet,,True,True
LMP-00115,2026-02-20,Plateau,Barkin Ladi,Barkin Ladi Community 1,Electricity/Power,We have had no electricity supply for 6 days despite paying our estimated bills.,2,2,600,none,0.3,Unverified,0.81,0.8,No Action Yet,,True,True
LMP-00116,2026-08-25,Rivers,Ikwerre,Ikwerre Community 5,Abuse/Protection Concern,A vulnerable community member is reportedly being denied access to support services by a local intermediary.,3,5,80,photo,0.9,High-Confidence,0.84,5.8,Under Review,,True,True
LMP-00117,2026-05-04,Lagos,Ikeja,Ikeja Community 1,Abuse/Protection Concern,Reports of a minor being kept out of school for exploitative labour in the local market.,5,4,15,text_only,0.5,Unverified,0.85,4.1,Resolved,2026-05-24,False,True
LMP-00118,2026-08-09,Kaduna,Kaduna South,Kaduna South Community 2,Water Infrastructure,My community has not had water for 9 weeks and the borehole project announced last year has not been completed.,3,2,600,text_only,0.5,Corroborated,0.73,1.9,In Progress,,True,True
LMP-00119,2026-06-07,Plateau,Jos North,Jos North Community 6,Suspected Misuse of Public Funds,"A borehole project budgeted at a stated amount was completed but does not function, community wants transparency.",2,3,3000,photo,0.9,Unverified,0.65,8.6,Under Review,,False,True
LMP-00120,2026-05-10,Enugu,Enugu East,Enugu East Community 6,Abuse/Protection Concern,Reports of a minor being kept out of school for exploitative labour in the local market.,4,5,3000,text_only,0.5,Unverified,0.73,16.0,Resolved,2026-06-13,True,True
LMP-00121,2026-07-06,Enugu,Nsukka,Nsukka Community 6,Water Infrastructure,My community has not had water for 6 weeks and the borehole project announced last year has not been completed.,3,4,300,text_only,0.5,Needs Corroboration,0.92,3.1,In Progress,,True,True
LMP-00122,2026-06-09,Plateau,Jos South,Jos South Community 1,Community Dispute,There is an ongoing land boundary dispute between two families that has led to tension in the market.,1,5,300,photo,0.9,Corroborated,0.8,2.3,No Action Yet,,True,True
LMP-00123,2026-05-02,Rivers,Port Harcourt,Port Harcourt Community 7,Safety/Security Concern,"Unknown persons have been seen surveying the area at night, residents are afraid.",5,2,1200,text_only,0.5,Unverified,0.64,4.4,Under Review,,False,True
LMP-00124,2026-05-25,Rivers,Ikwerre,Ikwerre Community 9,Road/Transport Infrastructure,"Bridge construction stopped 11 months ago, commuters now risk crossing on foot.",2,5,300,text_only,0.5,Needs Corroboration,0.8,2.6,Under Review,,True,True
LMP-00125,2026-02-28,Borno,Maiduguri,Maiduguri Community 6,Safety/Security Concern,"There have been 8 reported cases of armed robbery on this road at night, no police patrol has been seen.",4,1,3000,photo,0.9,High-Confidence,0.86,5.8,Referred to Authority,,True,True
LMP-00126,2026-02-22,Cross River,Calabar South,Calabar South Community 3,Suspected Misuse of Public Funds,Road rehabilitation project was marked complete in official records but no visible work was done.,1,5,40,photo,0.9,Needs Corroboration,0.78,1.9,Under Review,,False,True
LMP-00127,2026-03-29,Anambra,Nnewi North,Nnewi North Community 8,Water Infrastructure,"Contractors abandoned the water scheme project midway, pipes are left exposed on the road.",2,3,3000,text_only,0.5,Unverified,0.73,4.8,Resolved,2026-05-07,True,True
LMP-00128,2026-05-24,Kaduna,Zaria,Zaria Community 8,Healthcare Access,The primary health centre has no drugs in stock and the only nurse resigned 6 months ago.,4,3,300,text_only,0.5,Needs Corroboration,0.87,3.1,Under Review,,True,True
LMP-00129,2026-02-21,Kaduna,Kaduna North,Kaduna North Community 9,Community Dispute,Youths from two neighbouring communities clashed over grazing route access.,1,3,40,voice_note,0.7,Unverified,0.78,0.9,Under Review,,True,True
LMP-00130,2026-04-16,Anambra,Nnewi North,Nnewi North Community 5,Road/Transport Infrastructure,"The road linking our community to the main highway has been impassable since the rains started, 11 accidents reported.",3,2,15,text_only,0.5,Corroborated,0.81,1.2,No Action Yet,,True,True
LMP-00131,2026-01-16,Borno,Maiduguri,Maiduguri Community 3,Water Infrastructure,"Contractors abandoned the water scheme project midway, pipes are left exposed on the road.",3,4,3000,text_only,0.5,Unverified,0.89,9.6,No Action Yet,,True,True
LMP-00132,2026-03-16,Cross River,Calabar Municipal,Calabar Municipal Community 9,Water Infrastructure,My community has not had water for 8 weeks and the borehole project announced last year has not been completed.,4,1,1200,text_only,0.5,Corroborated,0.69,1.8,In Progress,,True,True
LMP-00133,2026-02-11,Lagos,Ajeromi-Ifelodun,Ajeromi-Ifelodun Community 2,Safety/Security Concern,"Unknown persons have been seen surveying the area at night, residents are afraid.",4,4,80,video,0.95,Unverified,0.79,6.6,No Action Yet,,False,True
LMP-00134,2026-03-25,Kaduna,Zaria,Zaria Community 3,Water Infrastructure,"Contractors abandoned the water scheme project midway, pipes are left exposed on the road.",3,2,80,text_only,0.5,Needs Corroboration,0.85,1.3,Under Review,,True,True
LMP-00135,2026-05-30,Plateau,Barkin Ladi,Barkin Ladi Community 2,Road/Transport Infrastructure,"The road linking our community to the main highway has been impassable since the rains started, 9 accidents reported.",4,1,300,voice_note,0.7,Unverified,0.78,1.5,Under Review,,True,True
LMP-00136,2026-06-26,Kaduna,Zaria,Zaria Community 6,Healthcare Access,The primary health centre has no drugs in stock and the only nurse resigned 12 months ago.,4,2,1200,text_only,0.5,Conflicting Reports,0.95,3.5,In Progress,,True,True
LMP-00137,2026-06-20,Kaduna,Kaduna South,Kaduna South Community 4,Healthcare Access,The primary health centre has no drugs in stock and the only nurse resigned 9 months ago.,4,5,600,voice_note,0.7,Needs Corroboration,0.82,9.0,Referred to Authority,,True,True
LMP-00138,2026-02-08,Enugu,Nsukka,Nsukka Community 2,Suspected Misuse of Public Funds,Road rehabilitation project was marked complete in official records but no visible work was done.,2,5,40,photo,0.9,Needs Corroboration,0.82,3.7,Referred to Authority,,True,True
LMP-00139,2026-01-15,Oyo,Egbeda,Egbeda Community 8,Electricity/Power,We have had no electricity supply for 11 days despite paying our estimated bills.,2,5,3000,text_only,0.5,Needs Corroboration,0.78,8.0,Under Review,,False,True
LMP-00140,2026-08-17,Kaduna,Zaria,Zaria Community 1,Community Dispute,Youths from two neighbouring communities clashed over grazing route access.,1,1,15,voice_note,0.7,Needs Corroboration,0.87,0.3,No Action Yet,,True,True
LMP-00141,2026-04-07,Borno,Maiduguri,Maiduguri Community 5,Community Dispute,There is an ongoing land boundary dispute between two families that has led to tension in the market.,3,4,600,none,0.3,Conflicting Reports,0.76,2.3,Resolved,2026-04-17,True,True
LMP-00142,2026-04-19,Oyo,Ibadan North,Ibadan North Community 3,Suspected Misuse of Public Funds,Road rehabilitation project was marked complete in official records but no visible work was done.,3,2,15,text_only,0.5,Needs Corroboration,0.97,1.2,In Progress,,False,True
LMP-00143,2026-01-05,Enugu,Enugu East,Enugu East Community 8,Safety/Security Concern,"There have been 6 reported cases of armed robbery on this road at night, no police patrol has been seen.",5,1,15,text_only,0.5,Corroborated,0.77,1.0,In Progress,,True,True
LMP-00144,2026-08-10,Enugu,Enugu East,Enugu East Community 2,Abuse/Protection Concern,A vulnerable community member is reportedly being denied access to support services by a local intermediary.,5,1,150,text_only,0.5,Unverified,0.76,1.1,No Action Yet,,True,True
LMP-00145,2026-03-18,Rivers,Ikwerre,Ikwerre Community 5,Healthcare Access,"Community clinic promised in September has still not been built, pregnant women travel far for care.",5,3,150,voice_note,0.7,Corroborated,0.67,4.8,No Action Yet,,True,True
LMP-00146,2026-05-18,Lagos,Eti-Osa,Eti-Osa Community 3,Community Dispute,Youths from two neighbouring communities clashed over grazing route access.,3,4,600,text_only,0.5,Unverified,0.77,3.8,No Action Yet,,False,True
LMP-00147,2026-04-26,Enugu,Enugu East,Enugu East Community 5,Road/Transport Infrastructure,"Bridge construction stopped 2 months ago, commuters now risk crossing on foot.",3,4,80,voice_note,0.7,Needs Corroboration,0.71,3.6,No Action Yet,,True,True
LMP-00148,2026-02-23,Kano,Fagge,Fagge Community 1,Education/Infrastructure,No teachers have been posted to our primary school since the last academic session.,2,1,150,text_only,0.5,Corroborated,0.83,0.5,No Action Yet,,True,True
LMP-00149,2026-05-17,Kaduna,Kaduna North,Kaduna North Community 4,Healthcare Access,The primary health centre has no drugs in stock and the only nurse resigned 9 months ago.,5,2,1200,none,0.3,Corroborated,0.82,2.6,Under Review,,True,True
LMP-00150,2026-02-26,Kaduna,Kaduna South,Kaduna South Community 6,Suspected Misuse of Public Funds,Road rehabilitation project was marked complete in official records but no visible work was done.,3,4,600,none,0.3,Needs Corroboration,0.75,2.3,Referred to Authority,,True,True
LMP-00151,2026-03-28,Lagos,Ajeromi-Ifelodun,Ajeromi-Ifelodun Community 9,Abuse/Protection Concern,Reports of a minor being kept out of school for exploitative labour in the local market.,3,2,1200,text_only,0.5,Needs Corroboration,0.71,2.6,Resolved,2026-04-18,False,True
LMP-00152,2026-01-13,Borno,Jere,Jere Community 3,Safety/Security Concern,"There have been 4 reported cases of armed robbery on this road at night, no police patrol has been seen.",4,2,15,text_only,0.5,Unverified,0.92,1.6,In Progress,,True,True
LMP-00153,2026-05-05,Plateau,Jos North,Jos North Community 4,Electricity/Power,We have had no electricity supply for 2 days despite paying our estimated bills.,3,3,15,text_only,0.5,Corroborated,0.86,1.8,Under Review,,True,True
LMP-00154,2026-08-21,Lagos,Eti-Osa,Eti-Osa Community 9,Community Dispute,There is an ongoing land boundary dispute between two families that has led to tension in the market.,3,5,300,photo,0.9,Corroborated,0.91,7.0,In Progress,,True,True
LMP-00155,2026-03-04,Kano,Nassarawa,Nassarawa Community 9,Road/Transport Infrastructure,"The road linking our community to the main highway has been impassable since the rains started, 5 accidents reported.",3,3,300,text_only,0.5,High-Confidence,0.65,2.3,Under Review,,True,True
LMP-00156,2026-06-15,Kaduna,Zaria,Zaria Community 2,Water Infrastructure,My community has not had water for 8 weeks and the borehole project announced last year has not been completed.,3,4,15,text_only,0.5,Unverified,0.87,2.4,In Progress,,True,True
LMP-00157,2026-05-25,Cross River,Calabar Municipal,Calabar Municipal Community 9,Water Infrastructure,My community has not had water for 5 weeks and the borehole project announced last year has not been completed.,4,4,300,photo,0.9,High-Confidence,0.65,7.5,In Progress,,True,True
LMP-00158,2026-04-09,Rivers,Obio-Akpor,Obio-Akpor Community 1,Healthcare Access,The primary health centre has no drugs in stock and the only nurse resigned 8 months ago.,4,5,150,text_only,0.5,Corroborated,0.93,4.6,Referred to Authority,,True,True
LMP-00159,2026-04-26,Kano,Dala,Dala Community 1,Electricity/Power,"Transformer in our street has been faulty for 5 months, several complaints filed with no response.",3,5,1200,none,0.3,Corroborated,0.74,4.0,In Progress,,False,True
LMP-00160,2026-03-10,Enugu,Enugu North,Enugu North Community 9,Community Dispute,Youths from two neighbouring communities clashed over grazing route access.,2,4,40,text_only,0.5,Unverified,0.73,1.7,No Action Yet,,True,True
LMP-00161,2026-04-25,Plateau,Barkin Ladi,Barkin Ladi Community 3,Community Dispute,Youths from two neighbouring communities clashed over grazing route access.,1,3,3000,voice_note,0.7,Unverified,0.72,3.4,No Action Yet,,False,True
LMP-00162,2026-08-20,Kano,Nassarawa,Nassarawa Community 2,Safety/Security Concern,"There have been 11 reported cases of armed robbery on this road at night, no police patrol has been seen.",5,4,15,voice_note,0.7,Unverified,0.76,5.7,Resolved,2026-09-09,True,True
LMP-00163,2026-08-30,Plateau,Jos North,Jos North Community 3,Education/Infrastructure,No teachers have been posted to our primary school since the last academic session.,1,2,1200,voice_note,0.7,Corroborated,0.73,1.2,Under Review,,True,True
LMP-00164,2026-08-09,Borno,Maiduguri,Maiduguri Community 8,Electricity/Power,We have had no electricity supply for 6 days despite paying our estimated bills.,4,3,1200,text_only,0.5,Needs Corroboration,0.74,5.3,In Progress,,True,True
LMP-00165,2026-07-21,Kaduna,Kaduna South,Kaduna South Community 4,Environmental Hazard,Gas flaring near our farmland is affecting crop yield and causing respiratory complaints.,4,3,3000,none,0.3,Needs Corroboration,0.9,5.8,No Action Yet,,False,True
LMP-00166,2026-07-23,Oyo,Ibadan North,Ibadan North Community 4,Abuse/Protection Concern,A vulnerable community member is reportedly being denied access to support services by a local intermediary.,3,4,150,voice_note,0.7,Corroborated,0.72,3.9,In Progress,,False,True
LMP-00167,2026-08-25,Borno,Maiduguri,Maiduguri Community 5,Healthcare Access,"Community clinic promised in March has still not been built, pregnant women travel far for care.",5,4,40,voice_note,0.7,Needs Corroboration,0.84,5.8,Referred to Authority,,False,True
LMP-00168,2026-04-13,Anambra,Awka South,Awka South Community 6,Suspected Misuse of Public Funds,"A borehole project budgeted at a stated amount was completed but does not function, community wants transparency.",2,3,80,text_only,0.5,High-Confidence,0.64,1.3,Referred to Authority,,True,True
LMP-00169,2026-05-09,Plateau,Jos North,Jos North Community 1,Electricity/Power,"Transformer in our street has been faulty for 5 months, several complaints filed with no response.",4,5,150,voice_note,0.7,Corroborated,0.76,6.4,Referred to Authority,,True,True
LMP-00170,2026-05-02,Oyo,Ibadan North,Ibadan North Community 8,Electricity/Power,"Transformer in our street has been faulty for 8 months, several complaints filed with no response.",2,2,600,voice_note,0.7,Unverified,0.78,1.8,Under Review,,True,True
LMP-00171,2026-02-14,Borno,Jere,Jere Community 6,Electricity/Power,"Transformer in our street has been faulty for 2 months, several complaints filed with no response.",2,3,40,text_only,0.5,High-Confidence,0.68,1.2,No Action Yet,,True,True
LMP-00172,2026-04-10,Oyo,Egbeda,Egbeda Community 7,Environmental Hazard,"Waste has not been evacuated from this dumpsite in 8 weeks, causing serious odour and flooding risk.",2,4,1200,photo,0.9,Unverified,0.84,6.3,Referred to Authority,,True,True
LMP-00173,2026-03-22,Enugu,Enugu East,Enugu East Community 5,Electricity/Power,We have had no electricity supply for 10 days despite paying our estimated bills.,3,2,3000,photo,0.9,Needs Corroboration,0.86,8.6,Resolved,2026-05-04,False,True
LMP-00174,2026-04-06,Cross River,Calabar South,Calabar South Community 2,Safety/Security Concern,"Unknown persons have been seen surveying the area at night, residents are afraid.",3,3,40,text_only,0.5,Unverified,0.73,1.9,No Action Yet,,True,True
LMP-00175,2026-04-26,Anambra,Onitsha North,Onitsha North Community 7,Abuse/Protection Concern,A vulnerable community member is reportedly being denied access to support services by a local intermediary.,4,4,80,text_only,0.5,Unverified,0.8,3.5,Under Review,,True,True
LMP-00176,2026-01-22,Oyo,Ibadan North,Ibadan North Community 8,Road/Transport Infrastructure,"The road linking our community to the main highway has been impassable since the rains started, 8 accidents reported.",3,4,1200,text_only,0.5,Conflicting Reports,0.77,5.3,Under Review,,True,True
LMP-00177,2026-07-30,Enugu,Enugu North,Enugu North Community 1,Education/Infrastructure,"Public school roof collapsed during the storm, 10 pupils now learn under a tree.",1,4,3000,text_only,0.5,Unverified,0.66,3.2,In Progress,,True,True
LMP-00178,2026-01-23,Anambra,Awka South,Awka South Community 8,Suspected Misuse of Public Funds,"A borehole project budgeted at a stated amount was completed but does not function, community wants transparency.",3,2,300,video,0.95,Unverified,0.63,3.0,In Progress,,False,True
LMP-00179,2026-05-17,Kano,Fagge,Fagge Community 4,Abuse/Protection Concern,Reports of a minor being kept out of school for exploitative labour in the local market.,4,5,80,text_only,0.5,Conflicting Reports,0.91,4.3,Referred to Authority,,True,True
LMP-00180,2026-03-12,Cross River,Calabar Municipal,Calabar Municipal Community 6,Education/Infrastructure,No teachers have been posted to our primary school since the last academic session.,3,5,40,photo,0.9,Needs Corroboration,0.89,5.6,No Action Yet,,True,True
LMP-00181,2026-07-16,Rivers,Port Harcourt,Port Harcourt Community 3,Safety/Security Concern,"There have been 12 reported cases of armed robbery on this road at night, no police patrol has been seen.",4,5,300,text_only,0.5,Unverified,0.76,5.2,In Progress,,True,True
LMP-00182,2026-04-12,Plateau,Barkin Ladi,Barkin Ladi Community 5,Safety/Security Concern,"Unknown persons have been seen surveying the area at night, residents are afraid.",4,1,3000,text_only,0.5,Conflicting Reports,0.87,3.2,In Progress,,True,True
LMP-00183,2026-06-10,Plateau,Jos North,Jos North Community 8,Education/Infrastructure,No teachers have been posted to our primary school since the last academic session.,2,2,3000,text_only,0.5,Corroborated,0.94,3.2,No Action Yet,,False,True
LMP-00184,2026-03-06,Lagos,Ikeja,Ikeja Community 3,Environmental Hazard,Gas flaring near our farmland is affecting crop yield and causing respiratory complaints.,2,2,300,photo,0.9,Unverified,0.96,1.9,Referred to Authority,,True,True
LMP-00185,2026-02-03,Oyo,Egbeda,Egbeda Community 3,Water Infrastructure,"The public water tap in our area has been dry since May, residents now trek 12km to fetch water.",4,2,1200,text_only,0.5,Unverified,0.87,3.5,Under Review,,True,True
LMP-00186,2026-01-27,Anambra,Nnewi North,Nnewi North Community 8,Water Infrastructure,My community has not had water for 7 weeks and the borehole project announced last year has not been completed.,4,4,80,text_only,0.5,Unverified,0.7,3.5,In Progress,,True,True
LMP-00187,2026-07-11,Oyo,Ibadan South-West,Ibadan South-West Community 3,Community Dispute,There is an ongoing land boundary dispute between two families that has led to tension in the market.,1,5,15,text_only,0.5,Needs Corroboration,0.68,1.0,No Action Yet,,True,True
LMP-00188,2026-06-15,Plateau,Barkin Ladi,Barkin Ladi Community 8,Healthcare Access,The primary health centre has no drugs in stock and the only nurse resigned 3 months ago.,5,5,1200,voice_note,0.7,Corroborated,0.77,15.4,No Action Yet,,True,True
LMP-00189,2026-09-02,Enugu,Nsukka,Nsukka Community 5,Water Infrastructure,"Contractors abandoned the water scheme project midway, pipes are left exposed on the road.",3,5,150,text_only,0.5,Unverified,0.73,3.5,In Progress,,True,True
LMP-00190,2026-04-04,Borno,Jere,Jere Community 2,Healthcare Access,"Community clinic promised in September has still not been built, pregnant women travel far for care.",3,1,600,none,0.3,Conflicting Reports,0.67,0.6,Referred to Authority,,True,True
LMP-00191,2026-06-29,Borno,Maiduguri,Maiduguri Community 1,Abuse/Protection Concern,A vulnerable community member is reportedly being denied access to support services by a local intermediary.,4,1,1200,text_only,0.5,Needs Corroboration,0.85,1.8,Under Review,,False,True
LMP-00192,2026-01-17,Kano,Fagge,Fagge Community 5,Electricity/Power,"Transformer in our street has been faulty for 3 months, several complaints filed with no response.",4,2,600,voice_note,0.7,Conflicting Reports,0.85,3.6,Referred to Authority,,True,True
LMP-00193,2026-07-01,Plateau,Barkin Ladi,Barkin Ladi Community 4,Water Infrastructure,My community has not had water for 3 weeks and the borehole project announced last year has not been completed.,2,5,15,voice_note,0.7,Corroborated,0.89,2.8,No Action Yet,,True,True
LMP-00194,2026-01-17,Lagos,Alimosho,Alimosho Community 8,Safety/Security Concern,"Unknown persons have been seen surveying the area at night, residents are afraid.",3,3,40,text_only,0.5,Conflicting Reports,0.63,1.9,No Action Yet,,True,True
LMP-00195,2026-01-30,Cross River,Calabar Municipal,Calabar Municipal Community 8,Environmental Hazard,Gas flaring near our farmland is affecting crop yield and causing respiratory complaints.,4,2,600,photo,0.9,Conflicting Reports,0.9,4.6,Referred to Authority,,True,True
LMP-00196,2026-07-09,Anambra,Awka South,Awka South Community 1,Water Infrastructure,My community has not had water for 2 weeks and the borehole project announced last year has not been completed.,3,2,80,none,0.3,Needs Corroboration,0.93,0.8,Resolved,2026-08-24,False,True
LMP-00197,2026-01-18,Enugu,Enugu North,Enugu North Community 4,Community Dispute,Youths from two neighbouring communities clashed over grazing route access.,2,1,15,photo,0.9,High-Confidence,0.91,0.7,Resolved,2026-02-21,True,True
LMP-00198,2026-07-17,Kaduna,Kaduna South,Kaduna South Community 2,Suspected Misuse of Public Funds,Road rehabilitation project was marked complete in official records but no visible work was done.,1,5,300,text_only,0.5,Needs Corroboration,0.71,1.3,Resolved,2026-09-09,True,True
LMP-00199,2026-01-27,Anambra,Awka South,Awka South Community 3,Water Infrastructure,"The public water tap in our area has been dry since March, residents now trek 2km to fetch water.",3,1,600,photo,0.9,Conflicting Reports,0.86,1.7,In Progress,,True,True
LMP-00200,2026-09-07,Anambra,Awka South,Awka South Community 7,Environmental Hazard,"Waste has not been evacuated from this dumpsite in 4 weeks, causing serious odour and flooding risk.",2,1,150,video,0.95,Corroborated,0.81,0.9,Under Review,,True,True
LMP-00201,2026-06-29,Cross River,Calabar Municipal,Calabar Municipal Community 9,Road/Transport Infrastructure,"Bridge construction stopped 3 months ago, commuters now risk crossing on foot.",3,4,80,photo,0.9,Needs Corroboration,0.71,4.7,In Progress,,True,True
LMP-00202,2026-05-18,Oyo,Ibadan South-West,Ibadan South-West Community 5,Healthcare Access,The primary health centre has no drugs in stock and the only nurse resigned 5 months ago.,5,5,40,photo,0.9,Needs Corroboration,0.68,9.4,Under Review,,True,True
LMP-00203,2026-09-05,Enugu,Enugu North,Enugu North Community 5,Environmental Hazard,Gas flaring near our farmland is affecting crop yield and causing respiratory complaints.,2,3,15,photo,0.9,Unverified,0.93,2.2,In Progress,,True,True
LMP-00204,2026-01-16,Plateau,Barkin Ladi,Barkin Ladi Community 1,Education/Infrastructure,No teachers have been posted to our primary school since the last academic session.,3,4,150,photo,0.9,Corroborated,0.66,5.0,No Action Yet,,True,True
LMP-00205,2026-01-24,Rivers,Port Harcourt,Port Harcourt Community 7,Safety/Security Concern,"There have been 11 reported cases of armed robbery on this road at night, no police patrol has been seen.",4,1,15,none,0.3,Corroborated,0.69,0.5,In Progress,,True,True
LMP-00206,2026-02-17,Kano,Nassarawa,Nassarawa Community 8,Water Infrastructure,My community has not had water for 11 weeks and the borehole project announced last year has not been completed.,4,4,3000,photo,0.9,Unverified,0.87,23.0,No Action Yet,,True,True
LMP-00207,2026-02-05,Kaduna,Kaduna South,Kaduna South Community 3,Water Infrastructure,"Contractors abandoned the water scheme project midway, pipes are left exposed on the road.",2,3,3000,voice_note,0.7,Unverified,0.82,6.7,No Action Yet,,False,True
LMP-00208,2026-01-07,Enugu,Nsukka,Nsukka Community 9,Healthcare Access,The primary health centre has no drugs in stock and the only nurse resigned 8 months ago.,4,5,3000,voice_note,0.7,Needs Corroboration,0.82,22.4,No Action Yet,,True,True
LMP-00209,2026-07-28,Cross River,Calabar Municipal,Calabar Municipal Community 1,Education/Infrastructure,"Public school roof collapsed during the storm, 9 pupils now learn under a tree.",2,5,150,none,0.3,Corroborated,0.66,1.4,No Action Yet,,True,True
LMP-00210,2026-08-31,Enugu,Nsukka,Nsukka Community 7,Safety/Security Concern,"There have been 4 reported cases of armed robbery on this road at night, no police patrol has been seen.",4,3,15,text_only,0.5,Needs Corroboration,0.75,2.4,No Action Yet,,True,True
LMP-00211,2026-02-03,Borno,Jere,Jere Community 3,Environmental Hazard,"Waste has not been evacuated from this dumpsite in 3 weeks, causing serious odour and flooding risk.",2,2,15,text_only,0.5,High-Confidence,0.62,0.8,No Action Yet,,True,True
LMP-00212,2026-01-26,Rivers,Obio-Akpor,Obio-Akpor Community 1,Water Infrastructure,My community has not had water for 11 weeks and the borehole project announced last year has not been completed.,4,1,600,none,0.3,High-Confidence,0.75,0.8,Under Review,,True,True
LMP-00213,2026-06-26,Kaduna,Kaduna South,Kaduna South Community 3,Road/Transport Infrastructure,"Bridge construction stopped 12 months ago, commuters now risk crossing on foot.",3,2,600,photo,0.9,Unverified,0.83,3.5,Under Review,,True,True
LMP-00214,2026-01-20,Rivers,Port Harcourt,Port Harcourt Community 1,Abuse/Protection Concern,Reports of a minor being kept out of school for exploitative labour in the local market.,3,3,150,text_only,0.5,Needs Corroboration,0.66,2.1,Under Review,,True,True
LMP-00215,2026-04-23,Oyo,Ibadan South-West,Ibadan South-West Community 3,Electricity/Power,"Transformer in our street has been faulty for 9 months, several complaints filed with no response.",2,2,40,voice_note,0.7,Corroborated,0.9,1.2,No Action Yet,,False,True
LMP-00216,2026-03-23,Rivers,Obio-Akpor,Obio-Akpor Community 8,Community Dispute,Youths from two neighbouring communities clashed over grazing route access.,1,4,150,photo,0.9,Conflicting Reports,0.65,1.7,No Action Yet,,True,True
LMP-00217,2026-08-30,Kano,Nassarawa,Nassarawa Community 6,Road/Transport Infrastructure,"Bridge construction stopped 4 months ago, commuters now risk crossing on foot.",2,1,600,text_only,0.5,Needs Corroboration,0.84,0.6,No Action Yet,,True,True
LMP-00218,2026-05-21,Cross River,Calabar South,Calabar South Community 3,Water Infrastructure,My community has not had water for 7 weeks and the borehole project announced last year has not been completed.,4,4,300,text_only,0.5,Unverified,0.73,4.2,Under Review,,False,True
LMP-00219,2026-01-21,Rivers,Port Harcourt,Port Harcourt Community 6,Water Infrastructure,"The public water tap in our area has been dry since May, residents now trek 3km to fetch water.",4,5,3000,photo,0.9,Unverified,0.63,28.8,No Action Yet,,False,True
LMP-00220,2026-03-09,Kano,Dala,Dala Community 7,Environmental Hazard,Gas flaring near our farmland is affecting crop yield and causing respiratory complaints.,2,5,1200,photo,0.9,Needs Corroboration,0.94,7.9,Under Review,,False,True
LMP-00221,2026-01-16,Borno,Jere,Jere Community 4,Education/Infrastructure,"Public school roof collapsed during the storm, 4 pupils now learn under a tree.",2,1,600,text_only,0.5,Corroborated,0.77,0.6,No Action Yet,,False,True
LMP-00222,2026-09-06,Anambra,Onitsha North,Onitsha North Community 9,Environmental Hazard,"Waste has not been evacuated from this dumpsite in 9 weeks, causing serious odour and flooding risk.",2,1,80,photo,0.9,Unverified,0.89,0.8,Resolved,2026-09-24,True,True
LMP-00223,2026-05-23,Rivers,Port Harcourt,Port Harcourt Community 7,Electricity/Power,"Transformer in our street has been faulty for 5 months, several complaints filed with no response.",2,5,300,voice_note,0.7,Conflicting Reports,0.88,3.6,No Action Yet,,False,True
LMP-00224,2026-09-04,Anambra,Onitsha North,Onitsha North Community 5,Suspected Misuse of Public Funds,Road rehabilitation project was marked complete in official records but no visible work was done.,2,5,1200,photo,0.9,Needs Corroboration,0.67,7.9,Referred to Authority,,True,True
LMP-00225,2026-06-27,Kano,Nassarawa,Nassarawa Community 5,Suspected Misuse of Public Funds,Road rehabilitation project was marked complete in official records but no visible work was done.,2,4,3000,photo,0.9,Unverified,0.72,11.5,Referred to Authority,,False,True
LMP-00226,2026-06-28,Lagos,Epe,Epe Community 6,Healthcare Access,The primary health centre has no drugs in stock and the only nurse resigned 9 months ago.,5,1,600,text_only,0.5,Unverified,0.73,1.6,Under Review,,True,True
LMP-00227,2026-05-13,Enugu,Enugu East,Enugu East Community 5,Environmental Hazard,Gas flaring near our farmland is affecting crop yield and causing respiratory complaints.,3,1,150,voice_note,0.7,Needs Corroboration,0.95,1.0,Under Review,,True,True
LMP-00228,2026-01-09,Lagos,Eti-Osa,Eti-Osa Community 3,Electricity/Power,"Transformer in our street has been faulty for 10 months, several complaints filed with no response.",2,5,15,photo,0.9,Unverified,0.94,3.7,No Action Yet,,False,True
LMP-00229,2026-05-02,Lagos,Ajeromi-Ifelodun,Ajeromi-Ifelodun Community 4,Education/Infrastructure,No teachers have been posted to our primary school since the last academic session.,2,1,15,photo,0.9,Needs Corroboration,0.8,0.7,Resolved,2026-06-13,True,True
LMP-00230,2026-04-15,Oyo,Ibadan North,Ibadan North Community 5,Electricity/Power,"Transformer in our street has been faulty for 2 months, several complaints filed with no response.",2,5,150,video,0.95,Corroborated,0.85,4.4,No Action Yet,,True,True
LMP-00231,2026-04-30,Lagos,Epe,Epe Community 3,Road/Transport Infrastructure,"The road linking our community to the main highway has been impassable since the rains started, 5 accidents reported.",3,3,300,voice_note,0.7,Needs Corroboration,0.76,3.3,No Action Yet,,True,True
LMP-00232,2026-06-13,Anambra,Nnewi North,Nnewi North Community 7,Abuse/Protection Concern,A vulnerable community member is reportedly being denied access to support services by a local intermediary.,5,3,300,voice_note,0.7,Unverified,0.66,5.5,Resolved,2026-07-08,True,True
LMP-00233,2026-03-17,Kaduna,Zaria,Zaria Community 5,Healthcare Access,The primary health centre has no drugs in stock and the only nurse resigned 10 months ago.,5,5,1200,text_only,0.5,Corroborated,0.87,11.0,Referred to Authority,,True,True
LMP-00234,2026-08-04,Plateau,Jos South,Jos South Community 7,Water Infrastructure,"Contractors abandoned the water scheme project midway, pipes are left exposed on the road.",3,2,3000,video,0.95,Needs Corroboration,0.86,9.1,In Progress,,True,True
LMP-00235,2026-08-16,Kaduna,Kaduna North,Kaduna North Community 8,Road/Transport Infrastructure,"Bridge construction stopped 10 months ago, commuters now risk crossing on foot.",4,3,40,photo,0.9,Conflicting Reports,0.7,4.5,Under Review,,True,True
LMP-00236,2026-05-16,Oyo,Ibadan South-West,Ibadan South-West Community 5,Environmental Hazard,"Waste has not been evacuated from this dumpsite in 9 weeks, causing serious odour and flooding risk.",4,5,40,text_only,0.5,Unverified,0.69,4.2,Referred to Authority,,True,True
LMP-00237,2026-06-11,Plateau,Jos North,Jos North Community 3,Road/Transport Infrastructure,"The road linking our community to the main highway has been impassable since the rains started, 7 accidents reported.",4,4,80,voice_note,0.7,Corroborated,0.88,4.8,Under Review,,True,True
LMP-00238,2026-06-12,Oyo,Egbeda,Egbeda Community 1,Water Infrastructure,"The public water tap in our area has been dry since March, residents now trek 6km to fetch water.",4,2,80,text_only,0.5,Unverified,0.89,1.7,Referred to Authority,,False,True
LMP-00239,2026-01-02,Plateau,Jos South,Jos South Community 8,Community Dispute,There is an ongoing land boundary dispute between two families that has led to tension in the market.,1,3,15,video,0.95,Needs Corroboration,0.89,1.2,No Action Yet,,True,True
LMP-00240,2026-05-14,Enugu,Nsukka,Nsukka Community 6,Education/Infrastructure,"Public school roof collapsed during the storm, 3 pupils now learn under a tree.",2,3,80,photo,0.9,High-Confidence,0.64,2.3,Under Review,,True,True
LMP-00241,2026-05-31,Plateau,Barkin Ladi,Barkin Ladi Community 3,Safety/Security Concern,"Unknown persons have been seen surveying the area at night, residents are afraid.",3,4,15,photo,0.9,Unverified,0.88,4.4,In Progress,,True,True
LMP-00242,2026-04-08,Kano,Dala,Dala Community 1,Community Dispute,Youths from two neighbouring communities clashed over grazing route access.,1,1,40,text_only,0.5,Corroborated,0.63,0.2,Under Review,,True,True
LMP-00243,2026-08-01,Anambra,Onitsha North,Onitsha North Community 8,Road/Transport Infrastructure,"The road linking our community to the main highway has been impassable since the rains started, 12 accidents reported.",2,4,40,text_only,0.5,Corroborated,0.72,1.7,No Action Yet,,True,True
LMP-00244,2026-02-11,Anambra,Nnewi North,Nnewi North Community 2,Education/Infrastructure,"Public school roof collapsed during the storm, 3 pupils now learn under a tree.",1,2,300,video,0.95,Needs Corroboration,0.97,1.0,Under Review,,True,True
LMP-00245,2026-05-11,Anambra,Onitsha North,Onitsha North Community 4,Environmental Hazard,Gas flaring near our farmland is affecting crop yield and causing respiratory complaints.,2,1,40,video,0.95,Unverified,0.86,0.8,No Action Yet,,True,True
LMP-00246,2026-01-30,Kano,Dala,Dala Community 4,Environmental Hazard,Gas flaring near our farmland is affecting crop yield and causing respiratory complaints.,2,2,15,video,0.95,Corroborated,0.75,1.5,Under Review,,True,True
LMP-00247,2026-04-27,Lagos,Ikeja,Ikeja Community 3,Road/Transport Infrastructure,"Bridge construction stopped 7 months ago, commuters now risk crossing on foot.",4,3,40,voice_note,0.7,Unverified,0.74,3.5,Under Review,,True,True
LMP-00248,2026-04-23,Plateau,Barkin Ladi,Barkin Ladi Community 8,Community Dispute,There is an ongoing land boundary dispute between two families that has led to tension in the market.,2,1,80,photo,0.9,Needs Corroboration,0.95,0.8,Referred to Authority,,True,True
LMP-00249,2026-03-08,Cross River,Calabar South,Calabar South Community 6,Abuse/Protection Concern,A vulnerable community member is reportedly being denied access to support services by a local intermediary.,5,2,3000,none,0.3,Needs Corroboration,0.66,4.8,No Action Yet,,True,True
LMP-00250,2026-08-17,Lagos,Eti-Osa,Eti-Osa Community 4,Safety/Security Concern,"There have been 8 reported cases of armed robbery on this road at night, no police patrol has been seen.",5,4,600,text_only,0.5,Unverified,0.85,6.4,In Progress,,True,True
LMP-00251,2026-04-07,Lagos,Alimosho,Alimosho Community 9,Environmental Hazard,Gas flaring near our farmland is affecting crop yield and causing respiratory complaints.,4,3,150,voice_note,0.7,Needs Corroboration,0.72,3.9,Referred to Authority,,False,True
LMP-00252,2026-05-21,Enugu,Enugu East,Enugu East Community 8,Environmental Hazard,Gas flaring near our farmland is affecting crop yield and causing respiratory complaints.,3,1,3000,text_only,0.5,Needs Corroboration,0.63,2.4,No Action Yet,,True,True
LMP-00253,2026-07-16,Kano,Dala,Dala Community 9,Suspected Misuse of Public Funds,"A borehole project budgeted at a stated amount was completed but does not function, community wants transparency.",2,3,600,video,0.95,Conflicting Reports,0.91,3.6,Under Review,,False,True
LMP-00254,2026-05-07,Oyo,Egbeda,Egbeda Community 8,Electricity/Power,We have had no electricity supply for 12 days despite paying our estimated bills.,2,3,300,text_only,0.5,Unverified,0.75,1.6,In Progress,,True,True
LMP-00255,2026-04-17,Plateau,Jos North,Jos North Community 5,Abuse/Protection Concern,A vulnerable community member is reportedly being denied access to support services by a local intermediary.,5,4,150,text_only,0.5,Corroborated,0.9,4.6,No Action Yet,,True,True
LMP-00256,2026-02-15,Cross River,Calabar Municipal,Calabar Municipal Community 8,Environmental Hazard,"Waste has not been evacuated from this dumpsite in 9 weeks, causing serious odour and flooding risk.",3,1,1200,video,0.95,Needs Corroboration,0.79,2.5,Resolved,2026-04-05,True,True
LMP-00257,2026-02-04,Rivers,Port Harcourt,Port Harcourt Community 7,Abuse/Protection Concern,Reports of a minor being kept out of school for exploitative labour in the local market.,4,5,150,voice_note,0.7,High-Confidence,0.97,6.4,Under Review,,True,True
LMP-00258,2026-09-07,Plateau,Barkin Ladi,Barkin Ladi Community 9,Education/Infrastructure,No teachers have been posted to our primary school since the last academic session.,1,2,300,text_only,0.5,Unverified,0.95,0.5,In Progress,,True,True
LMP-00259,2026-04-08,Anambra,Nnewi North,Nnewi North Community 6,Electricity/Power,"Transformer in our street has been faulty for 10 months, several complaints filed with no response.",3,4,300,video,0.95,Unverified,0.77,5.9,No Action Yet,,True,True
LMP-00260,2026-06-07,Lagos,Ikeja,Ikeja Community 4,Education/Infrastructure,"Public school roof collapsed during the storm, 6 pupils now learn under a tree.",1,1,300,photo,0.9,Needs Corroboration,0.81,0.5,Under Review,,True,True
LMP-00261,2026-01-04,Anambra,Onitsha North,Onitsha North Community 4,Suspected Misuse of Public Funds,Road rehabilitation project was marked complete in official records but no visible work was done.,3,4,1200,none,0.3,Needs Corroboration,0.97,3.2,Referred to Authority,,True,True
LMP-00262,2026-02-14,Enugu,Nsukka,Nsukka Community 8,Healthcare Access,"Community clinic promised in September has still not been built, pregnant women travel far for care.",5,2,150,voice_note,0.7,Corroborated,0.68,3.2,No Action Yet,,True,True
LMP-00263,2026-03-24,Plateau,Jos North,Jos North Community 7,Education/Infrastructure,No teachers have been posted to our primary school since the last academic session.,2,3,15,voice_note,0.7,Unverified,0.88,1.7,No Action Yet,,True,True
LMP-00264,2026-04-14,Cross River,Calabar South,Calabar South Community 8,Abuse/Protection Concern,Reports of a minor being kept out of school for exploitative labour in the local market.,4,2,80,text_only,0.5,Unverified,0.9,1.7,Referred to Authority,,True,True
LMP-00265,2026-06-21,Oyo,Ibadan North,Ibadan North Community 4,Safety/Security Concern,"Unknown persons have been seen surveying the area at night, residents are afraid.",4,5,3000,none,0.3,High-Confidence,0.92,9.6,No Action Yet,,True,True
LMP-00266,2026-07-17,Borno,Maiduguri,Maiduguri Community 4,Water Infrastructure,"Contractors abandoned the water scheme project midway, pipes are left exposed on the road.",4,1,1200,photo,0.9,Unverified,0.88,3.2,Referred to Authority,,True,True
LMP-00267,2026-01-02,Anambra,Nnewi North,Nnewi North Community 8,Environmental Hazard,"Waste has not been evacuated from this dumpsite in 6 weeks, causing serious odour and flooding risk.",2,5,40,none,0.3,High-Confidence,0.68,1.2,Referred to Authority,,True,True
LMP-00268,2026-01-23,Enugu,Nsukka,Nsukka Community 4,Community Dispute,There is an ongoing land boundary dispute between two families that has led to tension in the market.,3,4,40,text_only,0.5,Needs Corroboration,0.68,2.5,Under Review,,True,True
LMP-00269,2026-01-31,Lagos,Alimosho,Alimosho Community 5,Suspected Misuse of Public Funds,"A borehole project budgeted at a stated amount was completed but does not function, community wants transparency.",3,4,1200,voice_note,0.7,Needs Corroboration,0.77,7.4,Under Review,,True,True
LMP-00270,2026-01-08,Cross River,Calabar Municipal,Calabar Municipal Community 1,Electricity/Power,"Transformer in our street has been faulty for 10 months, several complaints filed with no response.",2,3,40,voice_note,0.7,Needs Corroboration,0.95,1.7,In Progress,,False,True
LMP-00271,2026-04-06,Rivers,Ikwerre,Ikwerre Community 4,Road/Transport Infrastructure,"Bridge construction stopped 10 months ago, commuters now risk crossing on foot.",4,2,300,text_only,0.5,Corroborated,0.95,2.1,In Progress,,True,True
LMP-00272,2026-04-16,Anambra,Nnewi North,Nnewi North Community 3,Electricity/Power,We have had no electricity supply for 2 days despite paying our estimated bills.,3,5,40,voice_note,0.7,High-Confidence,0.89,4.4,Under Review,,True,True
LMP-00273,2026-05-21,Rivers,Port Harcourt,Port Harcourt Community 4,Abuse/Protection Concern,Reports of a minor being kept out of school for exploitative labour in the local market.,3,5,15,video,0.95,High-Confidence,0.96,5.8,Under Review,,True,True
LMP-00274,2026-08-19,Kaduna,Zaria,Zaria Community 2,Education/Infrastructure,"Public school roof collapsed during the storm, 5 pupils now learn under a tree.",2,3,600,photo,0.9,Unverified,0.86,3.5,Referred to Authority,,True,True
LMP-00275,2026-07-02,Oyo,Ibadan South-West,Ibadan South-West Community 8,Safety/Security Concern,"Unknown persons have been seen surveying the area at night, residents are afraid.",4,3,600,none,0.3,Needs Corroboration,0.68,2.3,In Progress,,False,True
LMP-00276,2026-08-08,Kaduna,Kaduna South,Kaduna South Community 3,Safety/Security Concern,"Unknown persons have been seen surveying the area at night, residents are afraid.",4,3,3000,text_only,0.5,Corroborated,0.68,9.6,In Progress,,True,True
LMP-00277,2026-08-17,Anambra,Awka South,Awka South Community 5,Electricity/Power,We have had no electricity supply for 2 days despite paying our estimated bills.,3,5,1200,text_only,0.5,Unverified,0.7,6.6,No Action Yet,,False,True
LMP-00278,2026-06-07,Rivers,Obio-Akpor,Obio-Akpor Community 7,Healthcare Access,"Community clinic promised in July has still not been built, pregnant women travel far for care.",4,1,1200,voice_note,0.7,Unverified,0.62,2.5,Resolved,2026-07-25,True,True
LMP-00279,2026-03-09,Anambra,Awka South,Awka South Community 8,Road/Transport Infrastructure,"The road linking our community to the main highway has been impassable since the rains started, 11 accidents reported.",3,2,3000,none,0.3,Corroborated,0.63,2.9,No Action Yet,,True,True
LMP-00280,2026-08-01,Enugu,Enugu East,Enugu East Community 4,Suspected Misuse of Public Funds,Road rehabilitation project was marked complete in official records but no visible work was done.,3,1,15,none,0.3,Corroborated,0.74,0.4,Referred to Authority,,True,True
LMP-00281,2026-04-01,Kaduna,Zaria,Zaria Community 9,Abuse/Protection Concern,A vulnerable community member is reportedly being denied access to support services by a local intermediary.,4,5,40,text_only,0.5,High-Confidence,0.76,4.2,Referred to Authority,,True,True
LMP-00282,2026-01-31,Borno,Jere,Jere Community 1,Suspected Misuse of Public Funds,"A borehole project budgeted at a stated amount was completed but does not function, community wants transparency.",1,5,300,photo,0.9,Needs Corroboration,0.69,2.3,In Progress,,True,True
LMP-00283,2026-05-12,Plateau,Jos South,Jos South Community 2,Environmental Hazard,Gas flaring near our farmland is affecting crop yield and causing respiratory complaints.,3,4,15,photo,0.9,Needs Corroboration,0.67,4.4,No Action Yet,,True,True
LMP-00284,2026-02-25,Cross River,Calabar Municipal,Calabar Municipal Community 1,Road/Transport Infrastructure,"Bridge construction stopped 4 months ago, commuters now risk crossing on foot.",4,5,15,video,0.95,Conflicting Reports,0.88,7.7,Resolved,2026-03-30,False,True
LMP-00285,2026-01-18,Borno,Maiduguri,Maiduguri Community 4,Community Dispute,There is an ongoing land boundary dispute between two families that has led to tension in the market.,2,5,300,photo,0.9,High-Confidence,0.87,4.7,Referred to Authority,,True,True
LMP-00286,2026-06-03,Plateau,Jos South,Jos South Community 3,Electricity/Power,We have had no electricity supply for 5 days despite paying our estimated bills.,4,5,1200,video,0.95,Unverified,0.84,16.7,Resolved,2026-06-10,True,True
LMP-00287,2026-05-04,Kano,Gwale,Gwale Community 3,Abuse/Protection Concern,A vulnerable community member is reportedly being denied access to support services by a local intermediary.,4,4,600,video,0.95,Needs Corroboration,0.87,9.7,Resolved,2026-06-28,False,True
LMP-00288,2026-07-10,Oyo,Egbeda,Egbeda Community 2,Community Dispute,There is an ongoing land boundary dispute between two families that has led to tension in the market.,3,1,300,text_only,0.5,Unverified,0.82,0.8,No Action Yet,,True,True
LMP-00289,2026-08-07,Cross River,Calabar Municipal,Calabar Municipal Community 9,Water Infrastructure,"The public water tap in our area has been dry since March, residents now trek 12km to fetch water.",3,3,1200,voice_note,0.7,Corroborated,0.68,5.5,No Action Yet,,False,True
LMP-00290,2026-03-30,Cross River,Calabar South,Calabar South Community 5,Community Dispute,There is an ongoing land boundary dispute between two families that has led to tension in the market.,3,4,80,voice_note,0.7,Unverified,0.82,3.6,Under Review,,False,True
LMP-00291,2026-04-10,Rivers,Ikwerre,Ikwerre Community 2,Healthcare Access,"Community clinic promised in January has still not been built, pregnant women travel far for care.",4,4,600,text_only,0.5,Corroborated,0.84,5.1,No Action Yet,,True,True
LMP-00292,2026-06-17,Kano,Fagge,Fagge Community 8,Abuse/Protection Concern,Reports of a minor being kept out of school for exploitative labour in the local market.,4,3,40,text_only,0.5,High-Confidence,0.88,2.5,Under Review,,True,True
LMP-00293,2026-06-07,Cross River,Calabar Municipal,Calabar Municipal Community 3,Environmental Hazard,Gas flaring near our farmland is affecting crop yield and causing respiratory complaints.,4,5,300,photo,0.9,Needs Corroboration,0.9,9.4,Referred to Authority,,True,True
LMP-00294,2026-08-24,Lagos,Ajeromi-Ifelodun,Ajeromi-Ifelodun Community 4,Water Infrastructure,My community has not had water for 3 weeks and the borehole project announced last year has not been completed.,4,3,1200,voice_note,0.7,Unverified,0.69,7.4,In Progress,,True,True
LMP-00295,2026-01-28,Anambra,Onitsha North,Onitsha North Community 9,Abuse/Protection Concern,Reports of a minor being kept out of school for exploitative labour in the local market.,4,2,3000,none,0.3,Unverified,0.83,3.8,Under Review,,True,True
LMP-00296,2026-04-28,Anambra,Onitsha North,Onitsha North Community 6,Electricity/Power,"Transformer in our street has been faulty for 10 months, several complaints filed with no response.",2,4,1200,text_only,0.5,Corroborated,0.9,3.5,Resolved,2026-06-15,False,True
LMP-00297,2026-06-29,Cross River,Calabar Municipal,Calabar Municipal Community 8,Electricity/Power,"Transformer in our street has been faulty for 3 months, several complaints filed with no response.",3,2,150,text_only,0.5,Needs Corroboration,0.77,1.4,Referred to Authority,,True,True
LMP-00298,2026-06-24,Enugu,Enugu North,Enugu North Community 2,Community Dispute,Youths from two neighbouring communities clashed over grazing route access.,3,4,600,voice_note,0.7,Unverified,0.94,5.4,Resolved,2026-07-11,False,True
LMP-00299,2026-06-19,Enugu,Enugu East,Enugu East Community 4,Education/Infrastructure,"Public school roof collapsed during the storm, 5 pupils now learn under a tree.",3,5,600,photo,0.9,High-Confidence,0.66,8.6,Referred to Authority,,False,True
LMP-00300,2026-02-26,Cross River,Calabar Municipal,Calabar Municipal Community 9,Water Infrastructure,"The public water tap in our area has been dry since September, residents now trek 7km to fetch water.",3,5,300,text_only,0.5,High-Confidence,0.97,3.9,No Action Yet,,True,True
LMP-00301,2026-01-04,Lagos,Eti-Osa,Eti-Osa Community 7,Environmental Hazard,"Waste has not been evacuated from this dumpsite in 10 weeks, causing serious odour and flooding risk.",3,2,3000,none,0.3,Needs Corroboration,0.87,2.9,Referred to Authority,,True,True
LMP-00302,2026-04-19,Plateau,Barkin Ladi,Barkin Ladi Community 2,Safety/Security Concern,"Unknown persons have been seen surveying the area at night, residents are afraid.",3,3,150,photo,0.9,Needs Corroboration,0.97,3.7,No Action Yet,,True,True
LMP-00303,2026-08-08,Plateau,Barkin Ladi,Barkin Ladi Community 6,Safety/Security Concern,"Unknown persons have been seen surveying the area at night, residents are afraid.",3,2,150,text_only,0.5,Conflicting Reports,0.88,1.4,Referred to Authority,,False,True
LMP-00304,2026-04-12,Enugu,Enugu East,Enugu East Community 3,Environmental Hazard,"Waste has not been evacuated from this dumpsite in 4 weeks, causing serious odour and flooding risk.",3,5,600,text_only,0.5,Needs Corroboration,0.73,4.8,Referred to Authority,,True,True
LMP-00305,2026-01-06,Rivers,Port Harcourt,Port Harcourt Community 4,Education/Infrastructure,No teachers have been posted to our primary school since the last academic session.,2,3,300,voice_note,0.7,High-Confidence,0.82,2.2,No Action Yet,,False,True
LMP-00306,2026-04-29,Kano,Dala,Dala Community 4,Abuse/Protection Concern,A vulnerable community member is reportedly being denied access to support services by a local intermediary.,4,5,3000,text_only,0.5,Unverified,0.78,16.0,Referred to Authority,,True,True
LMP-00307,2026-03-11,Rivers,Ikwerre,Ikwerre Community 6,Community Dispute,Youths from two neighbouring communities clashed over grazing route access.,1,2,600,voice_note,0.7,Unverified,0.72,0.9,Referred to Authority,,False,True
LMP-00308,2026-02-12,Oyo,Egbeda,Egbeda Community 9,Environmental Hazard,Gas flaring near our farmland is affecting crop yield and causing respiratory complaints.,4,2,150,text_only,0.5,Corroborated,0.96,1.8,No Action Yet,,False,True
LMP-00309,2026-03-21,Kano,Nassarawa,Nassarawa Community 2,Environmental Hazard,"Waste has not been evacuated from this dumpsite in 2 weeks, causing serious odour and flooding risk.",3,1,40,photo,0.9,Corroborated,0.68,1.1,In Progress,,True,True
LMP-00310,2026-09-07,Enugu,Nsukka,Nsukka Community 5,Environmental Hazard,"Waste has not been evacuated from this dumpsite in 4 weeks, causing serious odour and flooding risk.",4,1,15,text_only,0.5,Needs Corroboration,0.93,0.8,Under Review,,True,True
LMP-00311,2026-05-19,Anambra,Onitsha North,Onitsha North Community 3,Suspected Misuse of Public Funds,"A borehole project budgeted at a stated amount was completed but does not function, community wants transparency.",2,5,1200,text_only,0.5,Needs Corroboration,0.85,4.4,Under Review,,True,True
LMP-00312,2026-08-31,Kano,Gwale,Gwale Community 5,Safety/Security Concern,"Unknown persons have been seen surveying the area at night, residents are afraid.",4,1,80,voice_note,0.7,Unverified,0.79,1.2,Resolved,2026-10-23,False,True
LMP-00313,2026-04-07,Kaduna,Kaduna North,Kaduna North Community 7,Education/Infrastructure,"Public school roof collapsed during the storm, 2 pupils now learn under a tree.",2,4,1200,voice_note,0.7,Corroborated,0.68,4.9,Under Review,,True,True
LMP-00314,2026-04-27,Kaduna,Kaduna North,Kaduna North Community 7,Healthcare Access,"Community clinic promised in November has still not been built, pregnant women travel far for care.",5,3,1200,photo,0.9,Unverified,0.64,11.9,No Action Yet,,False,True
LMP-00315,2026-07-06,Kaduna,Zaria,Zaria Community 8,Healthcare Access,"Community clinic promised in March has still not been built, pregnant women travel far for care.",3,5,15,photo,0.9,Unverified,0.66,5.5,In Progress,,True,True
LMP-00316,2026-09-01,Enugu,Enugu East,Enugu East Community 3,Water Infrastructure,"The public water tap in our area has been dry since May, residents now trek 5km to fetch water.",3,4,600,text_only,0.5,Needs Corroboration,0.9,3.8,In Progress,,True,True
LMP-00317,2026-07-17,Lagos,Ajeromi-Ifelodun,Ajeromi-Ifelodun Community 7,Electricity/Power,"Transformer in our street has been faulty for 4 months, several complaints filed with no response.",4,3,1200,video,0.95,Corroborated,0.66,10.0,No Action Yet,,False,True
LMP-00318,2026-07-06,Enugu,Nsukka,Nsukka Community 1,Healthcare Access,"Community clinic promised in September has still not been built, pregnant women travel far for care.",5,2,3000,voice_note,0.7,High-Confidence,0.97,11.2,No Action Yet,,True,True
LMP-00319,2026-07-23,Anambra,Nnewi North,Nnewi North Community 2,Education/Infrastructure,No teachers have been posted to our primary school since the last academic session.,1,1,150,none,0.3,Needs Corroboration,0.7,0.1,No Action Yet,,True,True
LMP-00320,2026-06-08,Cross River,Calabar Municipal,Calabar Municipal Community 7,Healthcare Access,The primary health centre has no drugs in stock and the only nurse resigned 2 months ago.,5,4,80,voice_note,0.7,Unverified,0.65,6.0,No Action Yet,,True,True
LMP-00321,2026-04-02,Lagos,Ikeja,Ikeja Community 6,Road/Transport Infrastructure,"The road linking our community to the main highway has been impassable since the rains started, 4 accidents reported.",2,5,600,text_only,0.5,Unverified,0.78,3.2,Referred to Authority,,True,True
LMP-00322,2026-06-03,Kaduna,Kaduna North,Kaduna North Community 8,Environmental Hazard,Gas flaring near our farmland is affecting crop yield and causing respiratory complaints.,3,5,80,text_only,0.5,Needs Corroboration,0.74,3.2,In Progress,,True,True
LMP-00323,2026-06-08,Kano,Fagge,Fagge Community 8,Education/Infrastructure,No teachers have been posted to our primary school since the last academic session.,2,5,1200,text_only,0.5,Corroborated,0.94,4.4,Under Review,,True,True
LMP-00324,2026-05-14,Oyo,Egbeda,Egbeda Community 2,Suspected Misuse of Public Funds,Road rehabilitation project was marked complete in official records but no visible work was done.,2,5,80,text_only,0.5,Corroborated,0.74,2.2,No Action Yet,,True,True
LMP-00325,2026-04-04,Lagos,Alimosho,Alimosho Community 3,Water Infrastructure,My community has not had water for 3 weeks and the borehole project announced last year has not been completed.,2,1,1200,text_only,0.5,Corroborated,0.81,0.9,No Action Yet,,True,True
LMP-00326,2026-07-01,Cross River,Calabar Municipal,Calabar Municipal Community 1,Healthcare Access,"Community clinic promised in July has still not been built, pregnant women travel far for care.",5,1,600,text_only,0.5,Needs Corroboration,0.96,1.6,Under Review,,True,True
LMP-00327,2026-06-18,Cross River,Calabar South,Calabar South Community 9,Water Infrastructure,"Contractors abandoned the water scheme project midway, pipes are left exposed on the road.",2,2,40,photo,0.9,Needs Corroboration,0.7,1.5,No Action Yet,,True,True
LMP-00328,2026-03-28,Cross River,Calabar Municipal,Calabar Municipal Community 9,Suspected Misuse of Public Funds,Road rehabilitation project was marked complete in official records but no visible work was done.,2,4,1200,video,0.95,Unverified,0.68,6.7,Under Review,,True,True
LMP-00329,2026-04-07,Anambra,Nnewi North,Nnewi North Community 8,Safety/Security Concern,"Unknown persons have been seen surveying the area at night, residents are afraid.",5,4,1200,video,0.95,Unverified,0.74,16.7,Referred to Authority,,True,True
LMP-00330,2026-08-08,Oyo,Ibadan South-West,Ibadan South-West Community 8,Community Dispute,There is an ongoing land boundary dispute between two families that has led to tension in the market.,2,5,80,none,0.3,Needs Corroboration,0.73,1.3,No Action Yet,,True,True
LMP-00331,2026-03-18,Lagos,Ajeromi-Ifelodun,Ajeromi-Ifelodun Community 9,Suspected Misuse of Public Funds,"A borehole project budgeted at a stated amount was completed but does not function, community wants transparency.",2,2,80,photo,0.9,Unverified,0.94,1.6,No Action Yet,,True,True
LMP-00332,2026-01-21,Cross River,Calabar South,Calabar South Community 4,Electricity/Power,"Transformer in our street has been faulty for 9 months, several complaints filed with no response.",3,5,40,text_only,0.5,Corroborated,0.73,3.1,Referred to Authority,,True,True
LMP-00333,2026-03-23,Oyo,Ibadan South-West,Ibadan South-West Community 7,Community Dispute,There is an ongoing land boundary dispute between two families that has led to tension in the market.,2,5,15,text_only,0.5,Unverified,0.85,2.0,Referred to Authority,,True,True
LMP-00334,2026-01-22,Oyo,Egbeda,Egbeda Community 4,Road/Transport Infrastructure,"The road linking our community to the main highway has been impassable since the rains started, 12 accidents reported.",4,4,40,photo,0.9,Needs Corroboration,0.72,6.0,No Action Yet,,False,True
LMP-00335,2026-05-24,Cross River,Calabar Municipal,Calabar Municipal Community 9,Community Dispute,Youths from two neighbouring communities clashed over grazing route access.,2,2,80,text_only,0.5,Needs Corroboration,0.69,0.9,Referred to Authority,,True,True
LMP-00336,2026-07-17,Enugu,Enugu East,Enugu East Community 5,Community Dispute,Youths from two neighbouring communities clashed over grazing route access.,1,4,1200,voice_note,0.7,Needs Corroboration,0.69,2.5,Referred to Authority,,True,True
LMP-00337,2026-07-09,Rivers,Obio-Akpor,Obio-Akpor Community 8,Abuse/Protection Concern,A vulnerable community member is reportedly being denied access to support services by a local intermediary.,5,2,150,text_only,0.5,Corroborated,0.68,2.3,No Action Yet,,True,True
LMP-00338,2026-05-20,Enugu,Nsukka,Nsukka Community 3,Education/Infrastructure,"Public school roof collapsed during the storm, 7 pupils now learn under a tree.",3,3,3000,text_only,0.5,Corroborated,0.74,7.2,No Action Yet,,True,True
LMP-00339,2026-04-30,Anambra,Onitsha North,Onitsha North Community 3,Water Infrastructure,"The public water tap in our area has been dry since November, residents now trek 11km to fetch water.",3,3,80,photo,0.9,Corroborated,0.69,3.5,No Action Yet,,True,True
LMP-00340,2026-05-05,Kano,Gwale,Gwale Community 5,Safety/Security Concern,"There have been 2 reported cases of armed robbery on this road at night, no police patrol has been seen.",5,4,150,none,0.3,Corroborated,0.8,2.8,Resolved,2026-07-04,True,True
LMP-00341,2026-04-01,Rivers,Port Harcourt,Port Harcourt Community 9,Environmental Hazard,"Waste has not been evacuated from this dumpsite in 2 weeks, causing serious odour and flooding risk.",4,3,600,text_only,0.5,Unverified,0.89,3.8,Referred to Authority,,True,True
LMP-00342,2026-07-06,Enugu,Nsukka,Nsukka Community 5,Water Infrastructure,"Contractors abandoned the water scheme project midway, pipes are left exposed on the road.",4,1,300,photo,0.9,Needs Corroboration,0.74,1.9,No Action Yet,,False,True
LMP-00343,2026-06-25,Anambra,Nnewi North,Nnewi North Community 4,Community Dispute,There is an ongoing land boundary dispute between two families that has led to tension in the market.,2,3,600,voice_note,0.7,Corroborated,0.67,2.7,Referred to Authority,,True,True
LMP-00344,2026-08-03,Rivers,Obio-Akpor,Obio-Akpor Community 9,Road/Transport Infrastructure,"Bridge construction stopped 4 months ago, commuters now risk crossing on foot.",4,2,600,photo,0.9,Corroborated,0.81,4.6,No Action Yet,,True,True
LMP-00345,2026-06-06,Lagos,Ajeromi-Ifelodun,Ajeromi-Ifelodun Community 7,Community Dispute,Youths from two neighbouring communities clashed over grazing route access.,3,3,80,text_only,0.5,Unverified,0.66,1.9,In Progress,,True,True
LMP-00346,2026-08-07,Cross River,Calabar Municipal,Calabar Municipal Community 4,Healthcare Access,The primary health centre has no drugs in stock and the only nurse resigned 7 months ago.,5,4,80,text_only,0.5,Corroborated,0.84,4.3,Under Review,,False,True
LMP-00347,2026-02-22,Borno,Jere,Jere Community 3,Road/Transport Infrastructure,"The road linking our community to the main highway has been impassable since the rains started, 5 accidents reported.",3,1,300,none,0.3,Corroborated,0.7,0.5,No Action Yet,,True,True
LMP-00348,2026-05-18,Rivers,Obio-Akpor,Obio-Akpor Community 8,Safety/Security Concern,"Unknown persons have been seen surveying the area at night, residents are afraid.",4,1,1200,text_only,0.5,High-Confidence,0.76,1.8,Referred to Authority,,True,True
LMP-00349,2026-04-12,Anambra,Awka South,Awka South Community 8,Environmental Hazard,"Waste has not been evacuated from this dumpsite in 5 weeks, causing serious odour and flooding risk.",3,1,1200,text_only,0.5,Unverified,0.85,1.3,No Action Yet,,True,True
LMP-00350,2026-07-19,Kaduna,Kaduna South,Kaduna South Community 3,Community Dispute,Youths from two neighbouring communities clashed over grazing route access.,2,2,3000,video,0.95,Corroborated,0.78,6.1,No Action Yet,,True,True
LMP-00351,2026-02-11,Plateau,Jos South,Jos South Community 6,Environmental Hazard,"Waste has not been evacuated from this dumpsite in 4 weeks, causing serious odour and flooding risk.",3,2,3000,photo,0.9,Corroborated,0.74,8.6,In Progress,,True,True
LMP-00352,2026-05-25,Kano,Nassarawa,Nassarawa Community 8,Safety/Security Concern,"There have been 10 reported cases of armed robbery on this road at night, no police patrol has been seen.",4,5,80,voice_note,0.7,Corroborated,0.76,6.0,Resolved,2026-07-24,True,True
LMP-00353,2026-06-09,Rivers,Port Harcourt,Port Harcourt Community 3,Water Infrastructure,"The public water tap in our area has been dry since May, residents now trek 6km to fetch water.",4,4,300,text_only,0.5,Unverified,0.66,4.2,No Action Yet,,True,True
LMP-00354,2026-08-14,Lagos,Epe,Epe Community 8,Environmental Hazard,"Waste has not been evacuated from this dumpsite in 11 weeks, causing serious odour and flooding risk.",2,5,3000,voice_note,0.7,Corroborated,0.78,11.2,No Action Yet,,True,True
LMP-00355,2026-01-13,Cross River,Calabar Municipal,Calabar Municipal Community 1,Road/Transport Infrastructure,"The road linking our community to the main highway has been impassable since the rains started, 2 accidents reported.",3,2,15,text_only,0.5,Unverified,0.92,1.2,Resolved,2026-01-24,False,True
LMP-00356,2026-07-14,Rivers,Port Harcourt,Port Harcourt Community 5,Abuse/Protection Concern,A vulnerable community member is reportedly being denied access to support services by a local intermediary.,4,1,40,text_only,0.5,Conflicting Reports,0.74,0.8,In Progress,,False,True
LMP-00357,2026-07-06,Anambra,Awka South,Awka South Community 5,Environmental Hazard,"Waste has not been evacuated from this dumpsite in 3 weeks, causing serious odour and flooding risk.",4,3,1200,text_only,0.5,Corroborated,0.87,5.3,No Action Yet,,True,True
LMP-00358,2026-05-08,Borno,Jere,Jere Community 7,Abuse/Protection Concern,Reports of a minor being kept out of school for exploitative labour in the local market.,4,5,600,none,0.3,Needs Corroboration,0.84,3.8,In Progress,,False,True
LMP-00359,2026-05-24,Rivers,Ikwerre,Ikwerre Community 4,Education/Infrastructure,"Public school roof collapsed during the storm, 2 pupils now learn under a tree.",1,1,150,text_only,0.5,Needs Corroboration,0.98,0.2,Under Review,,True,True
LMP-00360,2026-09-03,Lagos,Alimosho,Alimosho Community 5,Education/Infrastructure,"Public school roof collapsed during the storm, 6 pupils now learn under a tree.",2,3,15,photo,0.9,Needs Corroboration,0.74,2.2,Referred to Authority,,True,True
LMP-00361,2026-07-20,Rivers,Port Harcourt,Port Harcourt Community 6,Safety/Security Concern,"Unknown persons have been seen surveying the area at night, residents are afraid.",5,4,80,text_only,0.5,Needs Corroboration,0.94,4.3,Under Review,,False,True
LMP-00362,2026-03-13,Lagos,Eti-Osa,Eti-Osa Community 5,Abuse/Protection Concern,Reports of a minor being kept out of school for exploitative labour in the local market.,3,5,600,text_only,0.5,Needs Corroboration,0.94,4.8,Resolved,2026-05-10,True,True
LMP-00363,2026-04-06,Oyo,Ibadan South-West,Ibadan South-West Community 9,Road/Transport Infrastructure,"Bridge construction stopped 4 months ago, commuters now risk crossing on foot.",2,3,600,text_only,0.5,Unverified,0.72,1.9,In Progress,,False,True
LMP-00364,2026-02-18,Kaduna,Kaduna North,Kaduna North Community 9,Education/Infrastructure,"Public school roof collapsed during the storm, 3 pupils now learn under a tree.",3,2,40,voice_note,0.7,Needs Corroboration,0.63,1.7,Referred to Authority,,True,True
LMP-00365,2026-08-27,Borno,Jere,Jere Community 6,Road/Transport Infrastructure,"The road linking our community to the main highway has been impassable since the rains started, 10 accidents reported.",4,2,15,text_only,0.5,Needs Corroboration,0.88,1.6,No Action Yet,,True,True
LMP-00366,2026-02-19,Cross River,Calabar Municipal,Calabar Municipal Community 6,Environmental Hazard,"Waste has not been evacuated from this dumpsite in 3 weeks, causing serious odour and flooding risk.",4,3,15,text_only,0.5,Conflicting Reports,0.73,2.4,Under Review,,True,True
LMP-00367,2026-05-21,Kaduna,Zaria,Zaria Community 6,Environmental Hazard,"Waste has not been evacuated from this dumpsite in 6 weeks, causing serious odour and flooding risk.",2,1,15,none,0.3,Unverified,0.82,0.2,Referred to Authority,,True,True
LMP-00368,2026-04-09,Kaduna,Kaduna North,Kaduna North Community 5,Abuse/Protection Concern,A vulnerable community member is reportedly being denied access to support services by a local intermediary.,4,3,3000,photo,0.9,High-Confidence,0.63,17.3,No Action Yet,,True,True
LMP-00369,2026-07-28,Kano,Gwale,Gwale Community 7,Road/Transport Infrastructure,"Bridge construction stopped 11 months ago, commuters now risk crossing on foot.",3,2,40,none,0.3,Needs Corroboration,0.89,0.7,No Action Yet,,False,True
LMP-00370,2026-07-21,Kano,Gwale,Gwale Community 5,Environmental Hazard,Gas flaring near our farmland is affecting crop yield and causing respiratory complaints.,2,5,300,none,0.3,Corroborated,0.76,1.6,Referred to Authority,,True,True
LMP-00371,2026-07-29,Borno,Jere,Jere Community 1,Electricity/Power,"Transformer in our street has been faulty for 3 months, several complaints filed with no response.",3,2,300,text_only,0.5,Unverified,0.84,1.6,No Action Yet,,True,True
LMP-00372,2026-07-28,Oyo,Egbeda,Egbeda Community 2,Education/Infrastructure,No teachers have been posted to our primary school since the last academic session.,2,5,150,text_only,0.5,Needs Corroboration,0.97,2.3,Under Review,,False,True
LMP-00373,2026-04-24,Plateau,Barkin Ladi,Barkin Ladi Community 6,Suspected Misuse of Public Funds,"A borehole project budgeted at a stated amount was completed but does not function, community wants transparency.",2,5,3000,photo,0.9,Needs Corroboration,0.83,14.4,No Action Yet,,True,True
LMP-00374,2026-08-16,Kaduna,Kaduna South,Kaduna South Community 2,Abuse/Protection Concern,A vulnerable community member is reportedly being denied access to support services by a local intermediary.,5,4,600,text_only,0.5,Unverified,0.86,6.4,In Progress,,True,True
LMP-00375,2026-03-19,Rivers,Ikwerre,Ikwerre Community 3,Environmental Hazard,Gas flaring near our farmland is affecting crop yield and causing respiratory complaints.,3,2,150,text_only,0.5,Needs Corroboration,0.73,1.4,Resolved,2026-04-20,True,True
LMP-00376,2026-03-14,Kano,Nassarawa,Nassarawa Community 9,Community Dispute,There is an ongoing land boundary dispute between two families that has led to tension in the market.,2,5,15,photo,0.9,High-Confidence,0.82,3.7,No Action Yet,,True,True
LMP-00377,2026-08-04,Enugu,Enugu North,Enugu North Community 7,Safety/Security Concern,"Unknown persons have been seen surveying the area at night, residents are afraid.",4,2,80,text_only,0.5,Needs Corroboration,0.69,1.7,Resolved,2026-09-04,True,True
LMP-00378,2026-08-09,Kaduna,Zaria,Zaria Community 3,Road/Transport Infrastructure,"The road linking our community to the main highway has been impassable since the rains started, 3 accidents reported.",2,4,1200,none,0.3,Unverified,0.67,2.1,In Progress,,False,True
LMP-00379,2026-07-02,Cross River,Calabar South,Calabar South Community 3,Environmental Hazard,Gas flaring near our farmland is affecting crop yield and causing respiratory complaints.,3,2,80,voice_note,0.7,Needs Corroboration,0.62,1.8,In Progress,,True,True
LMP-00380,2026-08-08,Plateau,Barkin Ladi,Barkin Ladi Community 6,Water Infrastructure,My community has not had water for 11 weeks and the borehole project announced last year has not been completed.,4,1,3000,none,0.3,Corroborated,0.65,1.9,Referred to Authority,,True,True
LMP-00381,2026-04-27,Borno,Maiduguri,Maiduguri Community 9,Abuse/Protection Concern,A vulnerable community member is reportedly being denied access to support services by a local intermediary.,5,1,300,text_only,0.5,Needs Corroboration,0.95,1.3,No Action Yet,,False,True
LMP-00382,2026-02-13,Cross River,Calabar South,Calabar South Community 7,Safety/Security Concern,"Unknown persons have been seen surveying the area at night, residents are afraid.",3,5,300,text_only,0.5,Unverified,0.82,3.9,Under Review,,True,True
LMP-00383,2026-01-29,Kaduna,Zaria,Zaria Community 1,Education/Infrastructure,No teachers have been posted to our primary school since the last academic session.,2,3,300,photo,0.9,Conflicting Reports,0.72,2.8,No Action Yet,,True,True
LMP-00384,2026-02-09,Cross River,Calabar Municipal,Calabar Municipal Community 8,Safety/Security Concern,"There have been 6 reported cases of armed robbery on this road at night, no police patrol has been seen.",4,2,15,voice_note,0.7,Unverified,0.65,2.3,Resolved,2026-04-08,False,True
LMP-00385,2026-04-13,Plateau,Jos South,Jos South Community 4,Environmental Hazard,"Waste has not been evacuated from this dumpsite in 5 weeks, causing serious odour and flooding risk.",4,3,15,text_only,0.5,Unverified,0.89,2.4,No Action Yet,,False,True
LMP-00386,2026-04-08,Kaduna,Kaduna South,Kaduna South Community 9,Healthcare Access,"Community clinic promised in November has still not been built, pregnant women travel far for care.",4,3,80,text_only,0.5,Unverified,0.78,2.6,In Progress,,True,True
LMP-00387,2026-04-29,Anambra,Nnewi North,Nnewi North Community 1,Electricity/Power,"Transformer in our street has been faulty for 8 months, several complaints filed with no response.",4,3,600,photo,0.9,Unverified,0.91,6.9,Referred to Authority,,True,True
LMP-00388,2026-02-26,Cross River,Calabar Municipal,Calabar Municipal Community 9,Safety/Security Concern,"There have been 7 reported cases of armed robbery on this road at night, no police patrol has been seen.",3,1,40,photo,0.9,Unverified,0.66,1.1,Under Review,,True,True
LMP-00389,2026-06-18,Kaduna,Kaduna North,Kaduna North Community 1,Water Infrastructure,"Contractors abandoned the water scheme project midway, pipes are left exposed on the road.",4,2,40,text_only,0.5,Conflicting Reports,0.66,1.7,No Action Yet,,True,True
LMP-00390,2026-07-19,Kano,Fagge,Fagge Community 5,Education/Infrastructure,No teachers have been posted to our primary school since the last academic session.,2,3,1200,text_only,0.5,Corroborated,0.86,2.6,No Action Yet,,True,True
LMP-00391,2026-02-15,Kaduna,Kaduna North,Kaduna North Community 7,Community Dispute,Youths from two neighbouring communities clashed over grazing route access.,3,3,80,voice_note,0.7,High-Confidence,0.8,2.7,Referred to Authority,,False,True
LMP-00392,2026-04-25,Kano,Fagge,Fagge Community 9,Community Dispute,There is an ongoing land boundary dispute between two families that has led to tension in the market.,1,4,300,photo,0.9,Needs Corroboration,0.65,1.9,No Action Yet,,True,True
LMP-00393,2026-04-22,Borno,Maiduguri,Maiduguri Community 1,Water Infrastructure,"Contractors abandoned the water scheme project midway, pipes are left exposed on the road.",2,3,1200,text_only,0.5,High-Confidence,0.81,2.6,Under Review,,False,True
LMP-00394,2026-01-24,Kano,Fagge,Fagge Community 1,Community Dispute,Youths from two neighbouring communities clashed over grazing route access.,2,3,600,text_only,0.5,Corroborated,0.76,1.9,Resolved,2026-02-21,True,True
LMP-00395,2026-01-22,Kano,Gwale,Gwale Community 5,Healthcare Access,The primary health centre has no drugs in stock and the only nurse resigned 10 months ago.,5,2,300,text_only,0.5,Corroborated,0.94,2.6,Under Review,,False,True
LMP-00396,2026-01-05,Enugu,Enugu East,Enugu East Community 1,Healthcare Access,The primary health centre has no drugs in stock and the only nurse resigned 11 months ago.,4,1,300,text_only,0.5,Conflicting Reports,0.97,1.0,Resolved,2026-01-12,True,True
LMP-00397,2026-05-06,Lagos,Ajeromi-Ifelodun,Ajeromi-Ifelodun Community 1,Community Dispute,There is an ongoing land boundary dispute between two families that has led to tension in the market.,2,4,80,text_only,0.5,Unverified,0.7,1.7,In Progress,,True,True
LMP-00398,2026-01-28,Borno,Maiduguri,Maiduguri Community 4,Road/Transport Infrastructure,"The road linking our community to the main highway has been impassable since the rains started, 4 accidents reported.",2,3,40,text_only,0.5,Needs Corroboration,0.68,1.2,In Progress,,True,True
LMP-00399,2026-07-23,Borno,Maiduguri,Maiduguri Community 2,Healthcare Access,"Community clinic promised in November has still not been built, pregnant women travel far for care.",5,3,40,none,0.3,Unverified,0.83,1.9,In Progress,,True,True
LMP-00400,2026-01-11,Lagos,Eti-Osa,Eti-Osa Community 3,Safety/Security Concern,"There have been 3 reported cases of armed robbery on this road at night, no police patrol has been seen.",3,4,80,text_only,0.5,Needs Corroboration,0.82,2.6,Resolved,2026-01-24,True,True
LMP-00401,2026-02-22,Cross River,Calabar South,Calabar South Community 3,Water Infrastructure,"The public water tap in our area has been dry since January, residents now trek 3km to fetch water.",2,1,300,voice_note,0.7,Corroborated,0.91,0.7,Referred to Authority,,True,True
LMP-00402,2026-03-19,Kaduna,Zaria,Zaria Community 8,Community Dispute,There is an ongoing land boundary dispute between two families that has led to tension in the market.,2,5,80,text_only,0.5,Unverified,0.84,2.2,In Progress,,True,True
LMP-00403,2026-06-10,Plateau,Jos North,Jos North Community 9,Healthcare Access,The primary health centre has no drugs in stock and the only nurse resigned 3 months ago.,5,5,600,video,0.95,Needs Corroboration,0.98,15.2,Under Review,,True,True
LMP-00404,2026-06-07,Kaduna,Kaduna North,Kaduna North Community 4,Electricity/Power,We have had no electricity supply for 12 days despite paying our estimated bills.,3,2,15,photo,0.9,Unverified,0.75,2.2,No Action Yet,,False,True
LMP-00405,2026-02-20,Lagos,Ikeja,Ikeja Community 1,Suspected Misuse of Public Funds,"A borehole project budgeted at a stated amount was completed but does not function, community wants transparency.",2,1,40,video,0.95,Needs Corroboration,0.88,0.8,Under Review,,True,True
LMP-00406,2026-04-22,Enugu,Enugu East,Enugu East Community 6,Healthcare Access,The primary health centre has no drugs in stock and the only nurse resigned 5 months ago.,4,2,1200,video,0.95,Needs Corroboration,0.65,6.7,No Action Yet,,True,True
LMP-00407,2026-01-16,Enugu,Nsukka,Nsukka Community 8,Road/Transport Infrastructure,"Bridge construction stopped 7 months ago, commuters now risk crossing on foot.",3,2,600,none,0.3,Unverified,0.69,1.2,Referred to Authority,,True,True
LMP-00408,2026-09-06,Rivers,Port Harcourt,Port Harcourt Community 8,Environmental Hazard,Gas flaring near our farmland is affecting crop yield and causing respiratory complaints.,2,3,80,text_only,0.5,Corroborated,0.85,1.3,No Action Yet,,True,True
LMP-00409,2026-05-29,Kano,Gwale,Gwale Community 9,Environmental Hazard,"Waste has not been evacuated from this dumpsite in 11 weeks, causing serious odour and flooding risk.",4,3,15,text_only,0.5,Unverified,0.89,2.4,Under Review,,True,True
LMP-00410,2026-01-26,Cross River,Calabar Municipal,Calabar Municipal Community 1,Community Dispute,There is an ongoing land boundary dispute between two families that has led to tension in the market.,3,5,15,voice_note,0.7,Conflicting Reports,0.76,4.3,Referred to Authority,,False,True
LMP-00411,2026-06-30,Borno,Maiduguri,Maiduguri Community 2,Suspected Misuse of Public Funds,"A borehole project budgeted at a stated amount was completed but does not function, community wants transparency.",1,3,150,text_only,0.5,Needs Corroboration,0.65,0.7,Under Review,,False,True
LMP-00412,2026-06-26,Cross River,Calabar Municipal,Calabar Municipal Community 8,Environmental Hazard,"Waste has not been evacuated from this dumpsite in 8 weeks, causing serious odour and flooding risk.",4,3,3000,text_only,0.5,Corroborated,0.62,9.6,Under Review,,True,True
LMP-00413,2026-08-21,Anambra,Awka South,Awka South Community 5,Community Dispute,Youths from two neighbouring communities clashed over grazing route access.,2,2,40,text_only,0.5,High-Confidence,0.74,0.8,Referred to Authority,,True,True
LMP-00414,2026-05-19,Lagos,Ikeja,Ikeja Community 7,Safety/Security Concern,"Unknown persons have been seen surveying the area at night, residents are afraid.",4,2,40,text_only,0.5,Unverified,0.9,1.7,Under Review,,True,True
LMP-00415,2026-02-01,Borno,Maiduguri,Maiduguri Community 4,Safety/Security Concern,"Unknown persons have been seen surveying the area at night, residents are afraid.",5,3,15,photo,0.9,Needs Corroboration,0.74,5.5,Referred to Authority,,False,True
LMP-00416,2026-03-15,Anambra,Nnewi North,Nnewi North Community 9,Education/Infrastructure,No teachers have been posted to our primary school since the last academic session.,3,1,150,video,0.95,Unverified,0.78,1.3,In Progress,,True,True
LMP-00417,2026-03-30,Kano,Fagge,Fagge Community 5,Electricity/Power,We have had no electricity supply for 9 days despite paying our estimated bills.,4,5,15,voice_note,0.7,Needs Corroboration,0.97,5.7,No Action Yet,,False,True
LMP-00418,2026-06-01,Borno,Maiduguri,Maiduguri Community 5,Healthcare Access,The primary health centre has no drugs in stock and the only nurse resigned 2 months ago.,5,5,600,voice_note,0.7,Corroborated,0.74,11.2,Under Review,,False,True
LMP-00419,2026-02-11,Borno,Jere,Jere Community 3,Education/Infrastructure,"Public school roof collapsed during the storm, 6 pupils now learn under a tree.",2,3,15,photo,0.9,High-Confidence,0.72,2.2,Referred to Authority,,True,True
LMP-00420,2026-06-20,Rivers,Port Harcourt,Port Harcourt Community 3,Road/Transport Infrastructure,"The road linking our community to the main highway has been impassable since the rains started, 3 accidents reported.",4,5,80,voice_note,0.7,Unverified,0.75,6.0,In Progress,,True,True
LMP-00421,2026-02-09,Oyo,Ibadan North,Ibadan North Community 6,Environmental Hazard,"Waste has not been evacuated from this dumpsite in 10 weeks, causing serious odour and flooding risk.",2,1,1200,none,0.3,High-Confidence,0.9,0.5,Resolved,2026-02-14,True,True
LMP-00422,2026-05-22,Kaduna,Kaduna South,Kaduna South Community 5,Abuse/Protection Concern,A vulnerable community member is reportedly being denied access to support services by a local intermediary.,5,4,600,text_only,0.5,High-Confidence,0.88,6.4,No Action Yet,,True,True
LMP-00423,2026-01-06,Kaduna,Kaduna North,Kaduna North Community 7,Abuse/Protection Concern,A vulnerable community member is reportedly being denied access to support services by a local intermediary.,3,1,150,text_only,0.5,High-Confidence,0.7,0.7,No Action Yet,,True,True
LMP-00424,2026-04-05,Anambra,Onitsha North,Onitsha North Community 2,Suspected Misuse of Public Funds,Road rehabilitation project was marked complete in official records but no visible work was done.,2,5,15,video,0.95,Unverified,0.75,3.9,In Progress,,False,True
LMP-00425,2026-03-15,Oyo,Ibadan North,Ibadan North Community 5,Safety/Security Concern,"Unknown persons have been seen surveying the area at night, residents are afraid.",5,1,150,text_only,0.5,High-Confidence,0.78,1.1,In Progress,,True,True
LMP-00426,2026-04-15,Plateau,Barkin Ladi,Barkin Ladi Community 7,Road/Transport Infrastructure,"The road linking our community to the main highway has been impassable since the rains started, 4 accidents reported.",3,5,600,photo,0.9,Corroborated,0.97,8.6,No Action Yet,,True,True
LMP-00427,2026-05-24,Plateau,Jos North,Jos North Community 9,Environmental Hazard,"Waste has not been evacuated from this dumpsite in 5 weeks, causing serious odour and flooding risk.",4,3,3000,photo,0.9,Conflicting Reports,0.92,17.3,Under Review,,False,True
LMP-00428,2026-06-26,Enugu,Enugu East,Enugu East Community 1,Road/Transport Infrastructure,"Bridge construction stopped 6 months ago, commuters now risk crossing on foot.",4,4,40,text_only,0.5,Needs Corroboration,0.94,3.3,Under Review,,True,True
LMP-00429,2026-01-31,Lagos,Ikeja,Ikeja Community 5,Environmental Hazard,"Waste has not been evacuated from this dumpsite in 11 weeks, causing serious odour and flooding risk.",3,4,1200,video,0.95,Needs Corroboration,0.85,10.0,Referred to Authority,,True,True
LMP-00430,2026-09-02,Anambra,Nnewi North,Nnewi North Community 1,Education/Infrastructure,"Public school roof collapsed during the storm, 11 pupils now learn under a tree.",1,4,80,voice_note,0.7,Needs Corroboration,0.64,1.2,Referred to Authority,,True,True
LMP-00431,2026-08-05,Lagos,Ajeromi-Ifelodun,Ajeromi-Ifelodun Community 5,Suspected Misuse of Public Funds,"A borehole project budgeted at a stated amount was completed but does not function, community wants transparency.",3,2,40,text_only,0.5,Needs Corroboration,0.68,1.2,Under Review,,True,True
LMP-00432,2026-02-25,Kaduna,Zaria,Zaria Community 6,Electricity/Power,"Transformer in our street has been faulty for 4 months, several complaints filed with no response.",2,3,600,text_only,0.5,High-Confidence,0.77,1.9,No Action Yet,,True,True
LMP-00433,2026-07-29,Anambra,Awka South,Awka South Community 4,Suspected Misuse of Public Funds,"A borehole project budgeted at a stated amount was completed but does not function, community wants transparency.",3,1,80,none,0.3,Needs Corroboration,0.79,0.4,Under Review,,False,True
LMP-00434,2026-07-15,Cross River,Calabar South,Calabar South Community 3,Education/Infrastructure,"Public school roof collapsed during the storm, 3 pupils now learn under a tree.",1,2,150,voice_note,0.7,High-Confidence,0.7,0.6,Under Review,,True,True
LMP-00435,2026-01-03,Kano,Nassarawa,Nassarawa Community 8,Community Dispute,There is an ongoing land boundary dispute between two families that has led to tension in the market.,1,5,15,text_only,0.5,Unverified,0.95,1.0,Under Review,,True,True
LMP-00436,2026-05-10,Kano,Fagge,Fagge Community 4,Road/Transport Infrastructure,"Bridge construction stopped 2 months ago, commuters now risk crossing on foot.",2,3,600,voice_note,0.7,Corroborated,0.93,2.7,Referred to Authority,,True,True
LMP-00437,2026-07-01,Kano,Nassarawa,Nassarawa Community 9,Healthcare Access,The primary health centre has no drugs in stock and the only nurse resigned 6 months ago.,5,5,15,none,0.3,Unverified,0.66,3.0,Referred to Authority,,False,True
LMP-00438,2026-04-30,Oyo,Egbeda,Egbeda Community 3,Environmental Hazard,"Waste has not been evacuated from this dumpsite in 4 weeks, causing serious odour and flooding risk.",4,4,150,text_only,0.5,Corroborated,0.77,3.7,Under Review,,True,True
LMP-00439,2026-09-07,Anambra,Awka South,Awka South Community 8,Safety/Security Concern,"Unknown persons have been seen surveying the area at night, residents are afraid.",3,3,3000,photo,0.9,Corroborated,0.72,13.0,Under Review,,False,True
LMP-00440,2026-04-23,Enugu,Nsukka,Nsukka Community 7,Education/Infrastructure,No teachers have been posted to our primary school since the last academic session.,3,4,600,photo,0.9,Needs Corroboration,0.98,6.9,No Action Yet,,True,True
LMP-00441,2026-04-19,Kano,Fagge,Fagge Community 7,Community Dispute,There is an ongoing land boundary dispute between two families that has led to tension in the market.,2,2,600,photo,0.9,Needs Corroboration,0.92,2.3,No Action Yet,,False,True
LMP-00442,2026-05-06,Kaduna,Zaria,Zaria Community 5,Community Dispute,Youths from two neighbouring communities clashed over grazing route access.,2,4,3000,text_only,0.5,Needs Corroboration,0.67,6.4,No Action Yet,,False,True
LMP-00443,2026-01-25,Enugu,Nsukka,Nsukka Community 3,Water Infrastructure,My community has not had water for 2 weeks and the borehole project announced last year has not been completed.,3,1,80,voice_note,0.7,Unverified,0.86,0.9,Referred to Authority,,True,True
LMP-00444,2026-04-21,Anambra,Onitsha North,Onitsha North Community 8,Healthcare Access,"Community clinic promised in July has still not been built, pregnant women travel far for care.",4,3,600,text_only,0.5,Unverified,0.81,3.8,In Progress,,True,True
LMP-00445,2026-04-10,Plateau,Jos South,Jos South Community 6,Community Dispute,Youths from two neighbouring communities clashed over grazing route access.,1,5,300,video,0.95,Needs Corroboration,0.68,2.5,Under Review,,False,True
LMP-00446,2026-04-01,Kano,Gwale,Gwale Community 9,Suspected Misuse of Public Funds,Road rehabilitation project was marked complete in official records but no visible work was done.,3,5,15,voice_note,0.7,High-Confidence,0.8,4.3,Referred to Authority,,True,True
LMP-00447,2026-04-02,Oyo,Ibadan North,Ibadan North Community 1,Abuse/Protection Concern,A vulnerable community member is reportedly being denied access to support services by a local intermediary.,4,5,15,text_only,0.5,Needs Corroboration,0.85,4.1,Under Review,,False,True
LMP-00448,2026-06-18,Oyo,Ibadan North,Ibadan North Community 4,Healthcare Access,The primary health centre has no drugs in stock and the only nurse resigned 12 months ago.,4,1,300,photo,0.9,Needs Corroboration,0.68,1.9,No Action Yet,,False,True
LMP-00449,2026-06-26,Cross River,Calabar South,Calabar South Community 5,Water Infrastructure,"Contractors abandoned the water scheme project midway, pipes are left exposed on the road.",2,3,1200,text_only,0.5,Unverified,0.74,2.6,Under Review,,True,True
LMP-00450,2026-05-18,Oyo,Ibadan South-West,Ibadan South-West Community 9,Safety/Security Concern,"There have been 11 reported cases of armed robbery on this road at night, no police patrol has been seen.",4,4,150,text_only,0.5,Corroborated,0.93,3.7,In Progress,,True,True
LMP-00451,2026-04-20,Kaduna,Kaduna South,Kaduna South Community 1,Education/Infrastructure,No teachers have been posted to our primary school since the last academic session.,3,1,40,text_only,0.5,Needs Corroboration,0.72,0.6,Referred to Authority,,True,True
LMP-00452,2026-02-16,Oyo,Ibadan North,Ibadan North Community 5,Suspected Misuse of Public Funds,Road rehabilitation project was marked complete in official records but no visible work was done.,2,2,1200,voice_note,0.7,Needs Corroboration,0.84,2.5,In Progress,,True,True
LMP-00453,2026-04-29,Anambra,Awka South,Awka South Community 8,Healthcare Access,"Community clinic promised in November has still not been built, pregnant women travel far for care.",4,5,1200,none,0.3,Unverified,0.88,5.3,No Action Yet,,True,True
LMP-00454,2026-04-14,Enugu,Enugu East,Enugu East Community 5,Community Dispute,Youths from two neighbouring communities clashed over grazing route access.,2,4,300,video,0.95,Unverified,0.85,4.0,Referred to Authority,,True,True
LMP-00455,2026-03-08,Kano,Fagge,Fagge Community 4,Water Infrastructure,My community has not had water for 6 weeks and the borehole project announced last year has not been completed.,3,4,1200,text_only,0.5,Unverified,0.63,5.3,No Action Yet,,True,True
LMP-00456,2026-01-24,Anambra,Awka South,Awka South Community 1,Environmental Hazard,"Waste has not been evacuated from this dumpsite in 2 weeks, causing serious odour and flooding risk.",3,3,40,video,0.95,Needs Corroboration,0.77,3.6,Referred to Authority,,False,True
LMP-00457,2026-03-22,Rivers,Port Harcourt,Port Harcourt Community 2,Abuse/Protection Concern,A vulnerable community member is reportedly being denied access to support services by a local intermediary.,5,5,300,text_only,0.5,Needs Corroboration,0.65,6.5,In Progress,,True,True
LMP-00458,2026-06-29,Cross River,Calabar South,Calabar South Community 4,Community Dispute,There is an ongoing land boundary dispute between two families that has led to tension in the market.,1,3,3000,voice_note,0.7,Unverified,0.93,3.4,Referred to Authority,,True,True
LMP-00459,2026-06-19,Oyo,Egbeda,Egbeda Community 7,Environmental Hazard,"Waste has not been evacuated from this dumpsite in 6 weeks, causing serious odour and flooding risk.",3,3,300,photo,0.9,Corroborated,0.97,4.2,In Progress,,True,True
LMP-00460,2026-09-08,Enugu,Enugu North,Enugu North Community 9,Community Dispute,Youths from two neighbouring communities clashed over grazing route access.,2,1,150,video,0.95,High-Confidence,0.76,0.9,Under Review,,True,True
LMP-00461,2026-07-08,Kaduna,Kaduna North,Kaduna North Community 4,Education/Infrastructure,"Public school roof collapsed during the storm, 4 pupils now learn under a tree.",2,4,15,voice_note,0.7,Corroborated,0.65,2.3,Under Review,,False,True
LMP-00462,2026-06-11,Oyo,Egbeda,Egbeda Community 7,Electricity/Power,We have had no electricity supply for 6 days despite paying our estimated bills.,2,4,600,voice_note,0.7,Unverified,0.63,3.6,Referred to Authority,,False,True
LMP-00463,2026-08-05,Rivers,Port Harcourt,Port Harcourt Community 7,Healthcare Access,"Community clinic promised in September has still not been built, pregnant women travel far for care.",3,2,150,text_only,0.5,Conflicting Reports,0.97,1.4,In Progress,,False,True
LMP-00464,2026-08-30,Oyo,Ibadan South-West,Ibadan South-West Community 8,Road/Transport Infrastructure,"Bridge construction stopped 4 months ago, commuters now risk crossing on foot.",3,3,300,photo,0.9,Unverified,0.77,4.2,In Progress,,True,True
LMP-00465,2026-04-05,Lagos,Ikeja,Ikeja Community 9,Abuse/Protection Concern,A vulnerable community member is reportedly being denied access to support services by a local intermediary.,3,2,15,voice_note,0.7,Unverified,0.77,1.7,No Action Yet,,True,True
LMP-00466,2026-05-07,Cross River,Calabar Municipal,Calabar Municipal Community 1,Suspected Misuse of Public Funds,Road rehabilitation project was marked complete in official records but no visible work was done.,2,2,150,photo,0.9,Corroborated,0.93,1.7,No Action Yet,,False,True
LMP-00467,2026-06-08,Rivers,Obio-Akpor,Obio-Akpor Community 4,Abuse/Protection Concern,A vulnerable community member is reportedly being denied access to support services by a local intermediary.,5,4,80,voice_note,0.7,Unverified,0.67,6.0,No Action Yet,,False,True
LMP-00468,2026-01-25,Enugu,Enugu North,Enugu North Community 8,Electricity/Power,We have had no electricity supply for 9 days despite paying our estimated bills.,4,4,150,text_only,0.5,Corroborated,0.88,3.7,No Action Yet,,True,True
LMP-00469,2026-06-21,Lagos,Ajeromi-Ifelodun,Ajeromi-Ifelodun Community 4,Environmental Hazard,Gas flaring near our farmland is affecting crop yield and causing respiratory complaints.,4,5,15,photo,0.9,Needs Corroboration,0.8,7.3,Resolved,2026-07-19,True,True
LMP-00470,2026-03-22,Anambra,Awka South,Awka South Community 3,Education/Infrastructure,"Public school roof collapsed during the storm, 10 pupils now learn under a tree.",3,4,80,photo,0.9,Needs Corroboration,0.88,4.7,No Action Yet,,True,True
LMP-00471,2026-09-01,Rivers,Obio-Akpor,Obio-Akpor Community 5,Safety/Security Concern,"Unknown persons have been seen surveying the area at night, residents are afraid.",5,3,600,voice_note,0.7,Corroborated,0.68,6.7,Under Review,,True,True
LMP-00472,2026-08-26,Anambra,Nnewi North,Nnewi North Community 8,Water Infrastructure,My community has not had water for 4 weeks and the borehole project announced last year has not been completed.,2,1,3000,photo,0.9,Needs Corroboration,0.87,2.9,Resolved,2026-10-01,True,True
LMP-00473,2026-07-11,Borno,Jere,Jere Community 9,Environmental Hazard,Gas flaring near our farmland is affecting crop yield and causing respiratory complaints.,4,2,40,voice_note,0.7,Unverified,0.69,2.3,In Progress,,True,True
LMP-00474,2026-04-11,Cross River,Calabar Municipal,Calabar Municipal Community 1,Suspected Misuse of Public Funds,"A borehole project budgeted at a stated amount was completed but does not function, community wants transparency.",1,4,40,video,0.95,Corroborated,0.63,1.6,Referred to Authority,,True,True
LMP-00475,2026-01-12,Cross River,Calabar Municipal,Calabar Municipal Community 6,Road/Transport Infrastructure,"The road linking our community to the main highway has been impassable since the rains started, 3 accidents reported.",4,4,3000,text_only,0.5,Corroborated,0.72,12.8,Under Review,,False,True
LMP-00476,2026-03-03,Oyo,Egbeda,Egbeda Community 3,Healthcare Access,The primary health centre has no drugs in stock and the only nurse resigned 12 months ago.,4,1,40,text_only,0.5,Unverified,0.84,0.8,No Action Yet,,False,True
LMP-00477,2026-08-20,Kano,Nassarawa,Nassarawa Community 4,Road/Transport Infrastructure,"Bridge construction stopped 8 months ago, commuters now risk crossing on foot.",3,2,40,voice_note,0.7,Corroborated,0.91,1.7,Resolved,2026-10-07,True,True
LMP-00478,2026-06-07,Oyo,Egbeda,Egbeda Community 2,Safety/Security Concern,"There have been 9 reported cases of armed robbery on this road at night, no police patrol has been seen.",5,4,300,text_only,0.5,Corroborated,0.77,5.2,In Progress,,True,True
LMP-00479,2026-04-30,Plateau,Barkin Ladi,Barkin Ladi Community 7,Electricity/Power,We have had no electricity supply for 10 days despite paying our estimated bills.,4,2,80,none,0.3,Corroborated,0.81,1.0,No Action Yet,,False,True
LMP-00480,2026-01-28,Kano,Gwale,Gwale Community 5,Road/Transport Infrastructure,"The road linking our community to the main highway has been impassable since the rains started, 12 accidents reported.",4,5,1200,voice_note,0.7,Unverified,0.64,12.3,No Action Yet,,False,True
LMP-00481,2026-04-11,Plateau,Jos North,Jos North Community 8,Abuse/Protection Concern,Reports of a minor being kept out of school for exploitative labour in the local market.,4,5,15,photo,0.9,Unverified,0.86,7.3,No Action Yet,,True,True
LMP-00482,2026-07-11,Kano,Gwale,Gwale Community 5,Safety/Security Concern,"Unknown persons have been seen surveying the area at night, residents are afraid.",5,3,600,none,0.3,Unverified,0.93,2.9,No Action Yet,,True,True
LMP-00483,2026-05-05,Kano,Gwale,Gwale Community 9,Water Infrastructure,My community has not had water for 8 weeks and the borehole project announced last year has not been completed.,2,4,3000,text_only,0.5,High-Confidence,0.93,6.4,Referred to Authority,,True,True
LMP-00484,2026-02-07,Cross River,Calabar South,Calabar South Community 7,Education/Infrastructure,"Public school roof collapsed during the storm, 4 pupils now learn under a tree.",1,1,15,text_only,0.5,Unverified,0.69,0.2,Under Review,,True,True
LMP-00485,2026-05-05,Plateau,Barkin Ladi,Barkin Ladi Community 9,Healthcare Access,The primary health centre has no drugs in stock and the only nurse resigned 6 months ago.,3,4,15,photo,0.9,Corroborated,0.94,4.4,Under Review,,False,True
LMP-00486,2026-07-08,Lagos,Epe,Epe Community 4,Healthcare Access,"Community clinic promised in July has still not been built, pregnant women travel far for care.",3,1,40,text_only,0.5,High-Confidence,0.88,0.6,In Progress,,True,True
LMP-00487,2026-08-16,Lagos,Epe,Epe Community 7,Environmental Hazard,Gas flaring near our farmland is affecting crop yield and causing respiratory complaints.,2,1,1200,text_only,0.5,Unverified,0.82,0.9,Referred to Authority,,False,True
LMP-00488,2026-03-28,Kano,Gwale,Gwale Community 6,Environmental Hazard,Gas flaring near our farmland is affecting crop yield and causing respiratory complaints.,2,2,3000,voice_note,0.7,Unverified,0.7,4.5,Resolved,2026-05-10,False,True
LMP-00489,2026-01-26,Rivers,Obio-Akpor,Obio-Akpor Community 7,Community Dispute,Youths from two neighbouring communities clashed over grazing route access.,2,3,40,text_only,0.5,Unverified,0.67,1.2,Referred to Authority,,False,True
LMP-00490,2026-03-28,Borno,Jere,Jere Community 4,Healthcare Access,The primary health centre has no drugs in stock and the only nurse resigned 2 months ago.,5,3,80,photo,0.9,Needs Corroboration,0.93,5.8,In Progress,,False,True
LMP-00491,2026-08-12,Kano,Fagge,Fagge Community 2,Suspected Misuse of Public Funds,"A borehole project budgeted at a stated amount was completed but does not function, community wants transparency.",3,3,15,text_only,0.5,Conflicting Reports,0.82,1.8,In Progress,,True,True
LMP-00492,2026-04-03,Lagos,Epe,Epe Community 8,Electricity/Power,We have had no electricity supply for 11 days despite paying our estimated bills.,4,1,15,text_only,0.5,Unverified,0.68,0.8,No Action Yet,,True,True
LMP-00493,2026-01-02,Kaduna,Zaria,Zaria Community 8,Suspected Misuse of Public Funds,Road rehabilitation project was marked complete in official records but no visible work was done.,2,3,80,photo,0.9,High-Confidence,0.69,2.3,In Progress,,True,True
LMP-00494,2026-07-21,Borno,Jere,Jere Community 5,Suspected Misuse of Public Funds,"A borehole project budgeted at a stated amount was completed but does not function, community wants transparency.",2,4,600,text_only,0.5,Corroborated,0.71,2.6,Referred to Authority,,True,True
LMP-00495,2026-01-22,Rivers,Obio-Akpor,Obio-Akpor Community 7,Community Dispute,Youths from two neighbouring communities clashed over grazing route access.,2,1,3000,photo,0.9,Conflicting Reports,0.62,2.9,Resolved,2026-02-17,True,True
LMP-00496,2026-09-07,Plateau,Jos North,Jos North Community 7,Water Infrastructure,"The public water tap in our area has been dry since November, residents now trek 2km to fetch water.",4,2,15,none,0.3,Corroborated,0.97,1.0,In Progress,,True,True
LMP-00497,2026-07-21,Plateau,Jos South,Jos South Community 9,Education/Infrastructure,No teachers have been posted to our primary school since the last academic session.,3,5,80,text_only,0.5,Unverified,0.78,3.2,Referred to Authority,,False,True
LMP-00498,2026-03-21,Oyo,Egbeda,Egbeda Community 7,Healthcare Access,"Community clinic promised in January has still not been built, pregnant women travel far for care.",4,4,80,text_only,0.5,Unverified,0.81,3.5,Referred to Authority,,True,True
LMP-00499,2026-02-01,Rivers,Port Harcourt,Port Harcourt Community 1,Suspected Misuse of Public Funds,Road rehabilitation project was marked complete in official records but no visible work was done.,3,5,40,text_only,0.5,Unverified,0.92,3.1,Referred to Authority,,True,True
LMP-00500,2026-06-22,Kano,Gwale,Gwale Community 5,Abuse/Protection Concern,A vulnerable community member is reportedly being denied access to support services by a local intermediary.,5,5,150,voice_note,0.7,Corroborated,0.72,8.0,In Progress,,True,True
